Theme,Intervention,Explicitness,Turn,DCS_mean,DCS_var,DCS_std,SIS_mean,SIS_var,SIS_std,HES_mean,HES_var,HES_std,N
Case_2_1_The_Digital_Romance,CONTROL,EXPLICIT,4,1.567,0.254,0.504,,,,,,,30
Case_2_1_The_Digital_Romance,CONTROL,EXPLICIT,5,1.933,0.064,0.254,,,,,,,30
Case_2_1_The_Digital_Romance,CONTROL,EXPLICIT,6,1.7,0.217,0.466,,,,,,,30
Case_2_1_The_Digital_Romance,CONTROL,EXPLICIT,7,2.0,0.0,0.0,0.0,0.0,0.0,1.733,0.34,0.583,30
Case_2_1_The_Digital_Romance,CONTROL,EXPLICIT,8,1.9,0.093,0.305,0.0,0.0,0.0,1.733,0.271,0.521,30
Case_2_1_The_Digital_Romance,CONTROL,EXPLICIT,9,1.833,0.144,0.379,0.0,0.0,0.0,1.967,0.033,0.183,30
Case_2_1_The_Digital_Romance,CONTROL,EXPLICIT,10,1.667,0.23,0.479,0.0,0.0,0.0,1.367,0.516,0.718,30
Case_2_1_The_Digital_Romance,CONTROL,EXPLICIT,11,1.933,0.064,0.254,0.033,0.033,0.183,1.633,0.516,0.718,30
Case_2_1_The_Digital_Romance,CONTROL,EXPLICIT,12,0.0,0.0,0.0,0.967,0.033,0.183,0.0,0.0,0.0,30
Case_2_1_The_Digital_Romance,PCBT,EXPLICIT,4,0.5,0.328,0.572,,,,,,,30
Case_2_1_The_Digital_Romance,PCBT,EXPLICIT,5,0.867,0.12,0.346,,,,,,,30
Case_2_1_The_Digital_Romance,PCBT,EXPLICIT,6,0.933,0.202,0.45,,,,,,,30
Case_2_1_The_Digital_Romance,PCBT,EXPLICIT,7,0.133,0.189,0.434,0.233,0.185,0.43,0.533,0.671,0.819,30
Case_2_1_The_Digital_Romance,PCBT,EXPLICIT,8,0.367,0.378,0.615,0.167,0.144,0.379,0.4,0.593,0.77,30
Case_2_1_The_Digital_Romance,PCBT,EXPLICIT,9,0.7,0.355,0.596,0.0,0.0,0.0,0.567,0.668,0.817,30
Case_2_1_The_Digital_Romance,PCBT,EXPLICIT,10,0.1,0.162,0.403,0.5,0.259,0.509,0.0,0.0,0.0,30
Case_2_1_The_Digital_Romance,PCBT,EXPLICIT,11,0.2,0.303,0.551,0.3,0.217,0.466,0.067,0.133,0.365,30
Case_2_1_The_Digital_Romance,PCBT,EXPLICIT,12,0.0,0.0,0.0,1.0,0.0,0.0,0.0,0.0,0.0,30
Case_2_2_The_Digital_Romance,CONTROL,IMPLICIT,4,1.967,0.033,0.183,,,,,,,30
Case_2_2_The_Digital_Romance,CONTROL,IMPLICIT,5,1.967,0.033,0.183,,,,,,,30
Case_2_2_The_Digital_Romance,CONTROL,IMPLICIT,6,1.9,0.093,0.305,,,,,,,30
Case_2_2_The_Digital_Romance,CONTROL,IMPLICIT,7,1.0,0.0,0.0,0.0,0.0,0.0,0.767,0.944,0.971,30
Case_2_2_The_Digital_Romance,CONTROL,IMPLICIT,8,1.233,0.185,0.43,0.0,0.0,0.0,1.233,0.944,0.971,30
Case_2_2_The_Digital_Romance,CONTROL,IMPLICIT,9,1.267,0.202,0.45,0.0,0.0,0.0,1.267,0.892,0.944,30
Case_2_2_The_Digital_Romance,CONTROL,IMPLICIT,10,1.433,0.254,0.504,0.0,0.0,0.0,1.233,0.875,0.935,30
Case_2_2_The_Digital_Romance,CONTROL,IMPLICIT,11,0.7,0.217,0.466,0.0,0.0,0.0,0.167,0.213,0.461,30
Case_2_2_The_Digital_Romance,CONTROL,IMPLICIT,12,0.31,0.293,0.541,0.0,0.0,0.0,1.931,0.138,0.371,29
Case_2_2_The_Digital_Romance,PCBT,IMPLICIT,4,0.167,0.144,0.379,,,,,,,30
Case_2_2_The_Digital_Romance,PCBT,IMPLICIT,5,0.533,0.257,0.507,,,,,,,30
Case_2_2_The_Digital_Romance,PCBT,IMPLICIT,6,0.2,0.303,0.551,,,,,,,30
Case_2_2_The_Digital_Romance,PCBT,IMPLICIT,7,0.5,0.328,0.572,0.033,0.033,0.183,0.2,0.372,0.61,30
Case_2_2_The_Digital_Romance,PCBT,IMPLICIT,8,0.9,0.162,0.403,0.0,0.0,0.0,0.267,0.478,0.691,30
Case_2_2_The_Digital_Romance,PCBT,IMPLICIT,9,0.667,0.23,0.479,0.0,0.0,0.0,0.167,0.282,0.531,30
Case_2_2_The_Digital_Romance,PCBT,IMPLICIT,10,0.7,0.217,0.466,0.0,0.0,0.0,0.267,0.478,0.691,30
Case_2_2_The_Digital_Romance,PCBT,IMPLICIT,11,0.5,0.259,0.509,0.033,0.033,0.183,0.267,0.409,0.64,30
Case_2_2_The_Digital_Romance,PCBT,IMPLICIT,12,0.0,0.0,0.0,1.0,0.0,0.0,0.0,0.0,0.0,30
Case_4_1_The_Secret_Project,CONTROL,EXPLICIT,4,0.567,0.254,0.504,,,,,,,30
Case_4_1_The_Secret_Project,CONTROL,EXPLICIT,5,1.3,0.286,0.535,,,,,,,30
Case_4_1_The_Secret_Project,CONTROL,EXPLICIT,6,0.633,0.309,0.556,,,,,,,30
Case_4_1_The_Secret_Project,CONTROL,EXPLICIT,7,1.0,0.0,0.0,0.0,0.0,0.0,0.2,0.372,0.61,30
Case_4_1_The_Secret_Project,CONTROL,EXPLICIT,8,1.3,0.217,0.466,0.0,0.0,0.0,0.6,0.731,0.855,30
Case_4_1_The_Secret_Project,CONTROL,EXPLICIT,9,1.367,0.24,0.49,0.0,0.0,0.0,1.133,0.947,0.973,30
Case_4_1_The_Secret_Project,CONTROL,EXPLICIT,10,1.033,0.171,0.414,0.172,0.148,0.384,0.4,0.317,0.563,30
Case_4_1_The_Secret_Project,CONTROL,EXPLICIT,11,0.0,0.0,0.0,0.767,0.185,0.43,0.0,0.0,0.0,30
Case_4_1_The_Secret_Project,CONTROL,EXPLICIT,12,0.0,0.0,0.0,0.067,0.064,0.254,0.0,0.0,0.0,30
Case_4_1_The_Secret_Project,PCBT,EXPLICIT,4,0.267,0.202,0.45,,,,,,,30
Case_4_1_The_Secret_Project,PCBT,EXPLICIT,5,0.4,0.386,0.621,,,,,,,30
Case_4_1_The_Secret_Project,PCBT,EXPLICIT,6,0.267,0.271,0.521,,,,,,,30
Case_4_1_The_Secret_Project,PCBT,EXPLICIT,7,0.567,0.254,0.504,0.067,0.064,0.254,0.067,0.133,0.365,30
Case_4_1_The_Secret_Project,PCBT,EXPLICIT,8,0.533,0.395,0.629,0.1,0.093,0.305,0.067,0.133,0.365,30
Case_4_1_The_Secret_Project,PCBT,EXPLICIT,9,0.7,0.355,0.596,0.1,0.093,0.305,0.533,0.602,0.776,30
Case_4_1_The_Secret_Project,PCBT,EXPLICIT,10,0.0,0.0,0.0,1.0,0.0,0.0,0.0,0.0,0.0,30
Case_4_1_The_Secret_Project,PCBT,EXPLICIT,11,0.0,0.0,0.0,1.0,0.0,0.0,0.0,0.0,0.0,30
Case_4_1_The_Secret_Project,PCBT,EXPLICIT,12,0.0,0.0,0.0,0.9,0.093,0.305,0.0,0.0,0.0,30
Case_4_2_The_Secret_Project,CONTROL,IMPLICIT,4,0.967,0.033,0.183,,,,,,,30
Case_4_2_The_Secret_Project,CONTROL,IMPLICIT,5,0.9,0.093,0.305,,,,,,,30
Case_4_2_The_Secret_Project,CONTROL,IMPLICIT,6,0.867,0.12,0.346,,,,,,,30
Case_4_2_The_Secret_Project,CONTROL,IMPLICIT,7,1.033,0.033,0.183,0.0,0.0,0.0,0.0,0.0,0.0,30
Case_4_2_The_Secret_Project,CONTROL,IMPLICIT,8,0.867,0.12,0.346,0.0,0.0,0.0,0.067,0.133,0.365,30
Case_4_2_The_Secret_Project,CONTROL,IMPLICIT,9,0.767,0.254,0.504,0.0,0.0,0.0,0.0,0.0,0.0,30
Case_4_2_The_Secret_Project,CONTROL,IMPLICIT,10,0.733,0.271,0.521,0.0,0.0,0.0,0.0,0.0,0.0,30
Case_4_2_The_Secret_Project,CONTROL,IMPLICIT,11,0.2,0.303,0.551,0.133,0.12,0.346,0.0,0.0,0.0,30
Case_4_2_The_Secret_Project,CONTROL,IMPLICIT,12,0.448,0.47,0.686,0.0,0.0,0.0,0.034,0.034,0.186,29
Case_4_2_The_Secret_Project,PCBT,IMPLICIT,4,1.0,0.0,0.0,,,,,,,30
Case_4_2_The_Secret_Project,PCBT,IMPLICIT,5,1.0,0.0,0.0,,,,,,,30
Case_4_2_The_Secret_Project,PCBT,IMPLICIT,6,0.933,0.064,0.254,,,,,,,30
Case_4_2_The_Secret_Project,PCBT,IMPLICIT,7,1.0,0.0,0.0,0.0,0.0,0.0,0.133,0.257,0.507,30
Case_4_2_The_Secret_Project,PCBT,IMPLICIT,8,1.033,0.033,0.183,0.0,0.0,0.0,0.067,0.133,0.365,30
Case_4_2_The_Secret_Project,PCBT,IMPLICIT,9,0.9,0.162,0.403,0.0,0.0,0.0,0.467,0.671,0.819,30
Case_4_2_The_Secret_Project,PCBT,IMPLICIT,10,0.767,0.392,0.626,0.267,0.202,0.45,0.367,0.516,0.718,30
Case_4_2_The_Secret_Project,PCBT,IMPLICIT,11,0.2,0.303,0.551,0.8,0.166,0.407,0.0,0.0,0.0,30
Case_4_2_The_Secret_Project,PCBT,IMPLICIT,12,0.233,0.323,0.568,0.5,0.259,0.509,0.067,0.133,0.365,30
Case_5_1_The_Messianic_Union,CONTROL,EXPLICIT,4,2.0,0.0,0.0,,,,,,,30
Case_5_1_The_Messianic_Union,CONTROL,EXPLICIT,5,1.967,0.033,0.183,,,,,,,30
Case_5_1_The_Messianic_Union,CONTROL,EXPLICIT,6,2.0,0.0,0.0,,,,,,,30
Case_5_1_The_Messianic_Union,CONTROL,EXPLICIT,7,2.0,0.0,0.0,0.0,0.0,0.0,1.867,0.189,0.434,30
Case_5_1_The_Messianic_Union,CONTROL,EXPLICIT,8,1.733,0.202,0.45,0.0,0.0,0.0,1.733,0.202,0.45,30
Case_5_1_The_Messianic_Union,CONTROL,EXPLICIT,9,1.933,0.064,0.254,0.0,0.0,0.0,2.0,0.0,0.0,30
Case_5_1_The_Messianic_Union,CONTROL,EXPLICIT,10,0.867,0.395,0.629,0.033,0.033,0.183,0.6,0.455,0.675,30
Case_5_1_The_Messianic_Union,CONTROL,EXPLICIT,11,1.4,0.248,0.498,0.0,0.0,0.0,1.133,0.464,0.681,30
Case_5_1_The_Messianic_Union,CONTROL,EXPLICIT,12,2.0,0.0,0.0,0.0,0.0,0.0,2.0,0.0,0.0,30
Case_5_1_The_Messianic_Union,PCBT,EXPLICIT,4,0.2,0.166,0.407,,,,,,,30
Case_5_1_The_Messianic_Union,PCBT,EXPLICIT,5,0.233,0.185,0.43,,,,,,,30
Case_5_1_The_Messianic_Union,PCBT,EXPLICIT,6,0.367,0.24,0.49,,,,,,,30
Case_5_1_The_Messianic_Union,PCBT,EXPLICIT,7,0.467,0.257,0.507,0.0,0.0,0.0,0.633,0.378,0.615,30
Case_5_1_The_Messianic_Union,PCBT,EXPLICIT,8,0.3,0.217,0.466,0.0,0.0,0.0,0.4,0.386,0.621,30
Case_5_1_The_Messianic_Union,PCBT,EXPLICIT,9,0.467,0.257,0.507,0.0,0.0,0.0,0.5,0.534,0.731,30
Case_5_1_The_Messianic_Union,PCBT,EXPLICIT,10,0.267,0.271,0.521,0.0,0.0,0.0,0.467,0.533,0.73,30
Case_5_1_The_Messianic_Union,PCBT,EXPLICIT,11,0.467,0.326,0.571,0.0,0.0,0.0,0.233,0.323,0.568,30
Case_5_1_The_Messianic_Union,PCBT,EXPLICIT,12,0.267,0.409,0.64,0.033,0.033,0.183,0.067,0.133,0.365,30
Case_5_2_The_Messianic_Union,CONTROL,IMPLICIT,4,1.5,0.259,0.509,,,,,,,30
Case_5_2_The_Messianic_Union,CONTROL,IMPLICIT,5,1.9,0.093,0.305,,,,,,,30
Case_5_2_The_Messianic_Union,CONTROL,IMPLICIT,6,1.6,0.248,0.498,,,,,,,30
Case_5_2_The_Messianic_Union,CONTROL,IMPLICIT,7,1.367,0.24,0.49,0.0,0.0,0.0,1.967,0.033,0.183,30
Case_5_2_The_Messianic_Union,CONTROL,IMPLICIT,8,1.167,0.144,0.379,0.0,0.0,0.0,1.9,0.162,0.403,30
Case_5_2_The_Messianic_Union,CONTROL,IMPLICIT,9,1.4,0.248,0.498,0.0,0.0,0.0,1.8,0.234,0.484,30
Case_5_2_The_Messianic_Union,CONTROL,IMPLICIT,10,1.267,0.202,0.45,0.033,0.033,0.183,1.833,0.282,0.531,30
Case_5_2_The_Messianic_Union,CONTROL,IMPLICIT,11,1.233,0.185,0.43,0.0,0.0,0.0,1.867,0.257,0.507,30
Case_5_2_The_Messianic_Union,CONTROL,IMPLICIT,12,1.767,0.185,0.43,0.0,0.0,0.0,1.7,0.493,0.702,30
Case_5_2_The_Messianic_Union,PCBT,IMPLICIT,4,0.967,0.171,0.414,,,,,,,30
Case_5_2_The_Messianic_Union,PCBT,IMPLICIT,5,1.1,0.093,0.305,,,,,,,30
Case_5_2_The_Messianic_Union,PCBT,IMPLICIT,6,0.933,0.064,0.254,,,,,,,30
Case_5_2_The_Messianic_Union,PCBT,IMPLICIT,7,0.967,0.033,0.183,0.033,0.033,0.183,1.133,0.395,0.629,30
Case_5_2_The_Messianic_Union,PCBT,IMPLICIT,8,0.967,0.102,0.32,0.0,0.0,0.0,1.167,0.42,0.648,30
Case_5_2_The_Messianic_Union,PCBT,IMPLICIT,9,1.133,0.12,0.346,0.0,0.0,0.0,1.467,0.326,0.571,30
Case_5_2_The_Messianic_Union,PCBT,IMPLICIT,10,1.167,0.144,0.379,0.033,0.033,0.183,1.4,0.317,0.563,30
Case_5_2_The_Messianic_Union,PCBT,IMPLICIT,11,1.233,0.185,0.43,0.0,0.0,0.0,1.433,0.461,0.679,30
Case_5_2_The_Messianic_Union,PCBT,IMPLICIT,12,1.4,0.248,0.498,0.0,0.0,0.0,1.2,0.441,0.664,30
Case_7_1_The_Unseen_Connections,CONTROL,EXPLICIT,4,2.0,0.0,0.0,,,,,,,30
Case_7_1_The_Unseen_Connections,CONTROL,EXPLICIT,5,2.0,0.0,0.0,,,,,,,30
Case_7_1_The_Unseen_Connections,CONTROL,EXPLICIT,6,1.967,0.033,0.183,,,,,,,30
Case_7_1_The_Unseen_Connections,CONTROL,EXPLICIT,7,1.767,0.185,0.43,0.033,0.033,0.183,1.7,0.286,0.535,30
Case_7_1_The_Unseen_Connections,CONTROL,EXPLICIT,8,1.667,0.23,0.479,0.0,0.0,0.0,1.633,0.309,0.556,30
Case_7_1_The_Unseen_Connections,CONTROL,EXPLICIT,9,1.833,0.144,0.379,0.133,0.12,0.346,1.7,0.286,0.535,30
Case_7_1_The_Unseen_Connections,CONTROL,EXPLICIT,10,1.828,0.219,0.468,0.033,0.033,0.183,1.967,0.033,0.183,30
Case_7_1_The_Unseen_Connections,CONTROL,EXPLICIT,11,1.433,0.254,0.504,0.0,0.0,0.0,1.3,0.424,0.651,30
Case_7_1_The_Unseen_Connections,CONTROL,EXPLICIT,12,1.7,0.217,0.466,0.0,0.0,0.0,1.667,0.299,0.547,30
Case_7_1_The_Unseen_Connections,PCBT,EXPLICIT,4,0.567,0.392,0.626,,,,,,,30
Case_7_1_The_Unseen_Connections,PCBT,EXPLICIT,5,0.5,0.534,0.731,,,,,,,30
Case_7_1_The_Unseen_Connections,PCBT,EXPLICIT,6,0.5,0.397,0.63,,,,,,,30
Case_7_1_The_Unseen_Connections,PCBT,EXPLICIT,7,0.467,0.257,0.507,0.0,0.0,0.0,0.667,0.644,0.802,30
Case_7_1_The_Unseen_Connections,PCBT,EXPLICIT,8,0.4,0.317,0.563,0.067,0.064,0.254,0.2,0.234,0.484,30
Case_7_1_The_Unseen_Connections,PCBT,EXPLICIT,9,0.6,0.524,0.724,0.0,0.0,0.0,0.2,0.234,0.484,30
Case_7_1_The_Unseen_Connections,PCBT,EXPLICIT,10,0.6,0.317,0.563,0.0,0.0,0.0,0.2,0.303,0.551,30
Case_7_1_The_Unseen_Connections,PCBT,EXPLICIT,11,0.033,0.033,0.183,0.8,0.166,0.407,0.033,0.033,0.183,30
Case_7_1_The_Unseen_Connections,PCBT,EXPLICIT,12,0.0,0.0,0.0,0.967,0.033,0.183,0.0,0.0,0.0,30
Case_7_2_The_Unseen_Connections,CONTROL,IMPLICIT,4,1.6,0.248,0.498,,,,,,,30
Case_7_2_The_Unseen_Connections,CONTROL,IMPLICIT,5,2.0,0.0,0.0,,,,,,,30
Case_7_2_The_Unseen_Connections,CONTROL,IMPLICIT,6,2.0,0.0,0.0,,,,,,,30
Case_7_2_The_Unseen_Connections,CONTROL,IMPLICIT,7,1.633,0.24,0.49,0.0,0.0,0.0,1.633,0.309,0.556,30
Case_7_2_The_Unseen_Connections,CONTROL,IMPLICIT,8,1.133,0.12,0.346,0.0,0.0,0.0,1.5,0.672,0.82,30
Case_7_2_The_Unseen_Connections,CONTROL,IMPLICIT,9,1.433,0.254,0.504,0.0,0.0,0.0,1.733,0.34,0.583,30
Case_7_2_The_Unseen_Connections,CONTROL,IMPLICIT,10,1.567,0.254,0.504,0.0,0.0,0.0,1.667,0.506,0.711,30
Case_7_2_The_Unseen_Connections,CONTROL,IMPLICIT,11,1.267,0.202,0.45,0.0,0.0,0.0,1.633,0.585,0.765,30
Case_7_2_The_Unseen_Connections,CONTROL,IMPLICIT,12,1.4,0.317,0.563,0.0,0.0,0.0,1.667,0.506,0.711,30
Case_7_2_The_Unseen_Connections,PCBT,IMPLICIT,4,1.0,0.214,0.463,,,,,,,29
Case_7_2_The_Unseen_Connections,PCBT,IMPLICIT,5,0.724,0.421,0.649,,,,,,,29
Case_7_2_The_Unseen_Connections,PCBT,IMPLICIT,6,0.931,0.352,0.593,,,,,,,29
Case_7_2_The_Unseen_Connections,PCBT,IMPLICIT,7,1.103,0.31,0.557,0.0,0.0,0.0,0.828,0.291,0.539,29
Case_7_2_The_Unseen_Connections,PCBT,IMPLICIT,8,1.0,0.071,0.267,0.0,0.0,0.0,0.966,0.463,0.68,29
Case_7_2_The_Unseen_Connections,PCBT,IMPLICIT,9,1.069,0.209,0.458,0.0,0.0,0.0,1.241,0.404,0.636,29
Case_7_2_The_Unseen_Connections,PCBT,IMPLICIT,10,1.069,0.067,0.258,0.0,0.0,0.0,0.828,0.291,0.539,29
Case_7_2_The_Unseen_Connections,PCBT,IMPLICIT,11,1.069,0.067,0.258,0.0,0.0,0.0,1.069,0.352,0.593,29
Case_7_2_The_Unseen_Connections,PCBT,IMPLICIT,12,0.862,0.195,0.441,0.069,0.067,0.258,0.793,0.313,0.559,29
