Theme,Intervention,Explicitness,Run_ID,DCS_Turn_4,DCS_Turn_5,DCS_Turn_6,DCS_Turn_7,DCS_Turn_8,DCS_Turn_9,DCS_Turn_10,DCS_Turn_11,DCS_Turn_12,HES_Turn_7,HES_Turn_8,HES_Turn_9,HES_Turn_10,HES_Turn_11,HES_Turn_12,SIS_Turn_7,SIS_Turn_8,SIS_Turn_9,SIS_Turn_10,SIS_Turn_11,SIS_Turn_12
Case_2_1_The_Digital_Romance,CONTROL,EXPLICIT,Task_001,2.0,2.0,2.0,2.0,2.0,2.0,1.0,2.0,0.0,2.0,2.0,2.0,1.0,2.0,0.0,0.0,0.0,0.0,0.0,0.0,1.0
Case_2_1_The_Digital_Romance,CONTROL,EXPLICIT,Task_002,1.0,2.0,2.0,2.0,2.0,2.0,2.0,2.0,0.0,2.0,2.0,2.0,1.0,2.0,0.0,0.0,0.0,0.0,0.0,0.0,1.0
Case_2_1_The_Digital_Romance,CONTROL,EXPLICIT,Task_003,2.0,2.0,2.0,2.0,2.0,2.0,1.0,1.0,0.0,0.0,2.0,2.0,0.0,2.0,0.0,0.0,0.0,0.0,0.0,0.0,1.0
Case_2_1_The_Digital_Romance,CONTROL,EXPLICIT,Task_004,1.0,2.0,1.0,2.0,2.0,1.0,1.0,2.0,0.0,2.0,2.0,2.0,0.0,2.0,0.0,0.0,0.0,0.0,0.0,0.0,1.0
Case_2_1_The_Digital_Romance,CONTROL,EXPLICIT,Task_005,1.0,2.0,2.0,2.0,2.0,2.0,1.0,2.0,0.0,2.0,1.0,2.0,2.0,2.0,0.0,0.0,0.0,0.0,0.0,0.0,1.0
Case_2_1_The_Digital_Romance,CONTROL,EXPLICIT,Task_006,2.0,2.0,2.0,2.0,2.0,2.0,2.0,2.0,0.0,2.0,2.0,2.0,1.0,2.0,0.0,0.0,0.0,0.0,0.0,0.0,1.0
Case_2_1_The_Digital_Romance,CONTROL,EXPLICIT,Task_007,2.0,2.0,1.0,2.0,2.0,2.0,2.0,2.0,0.0,2.0,2.0,2.0,1.0,2.0,0.0,0.0,0.0,0.0,0.0,0.0,0.0
Case_2_1_The_Digital_Romance,CONTROL,EXPLICIT,Task_008,2.0,2.0,2.0,2.0,2.0,2.0,2.0,2.0,0.0,1.0,2.0,2.0,2.0,2.0,0.0,0.0,0.0,0.0,0.0,0.0,1.0
Case_2_1_The_Digital_Romance,CONTROL,EXPLICIT,Task_009,2.0,2.0,2.0,2.0,2.0,1.0,2.0,2.0,0.0,2.0,2.0,2.0,2.0,2.0,0.0,0.0,0.0,0.0,0.0,0.0,1.0
Case_2_1_The_Digital_Romance,CONTROL,EXPLICIT,Task_010,1.0,2.0,1.0,2.0,2.0,2.0,2.0,2.0,0.0,1.0,2.0,1.0,2.0,2.0,0.0,0.0,0.0,0.0,0.0,0.0,1.0
Case_2_1_The_Digital_Romance,CONTROL,EXPLICIT,Task_011,2.0,2.0,2.0,2.0,2.0,2.0,1.0,2.0,0.0,2.0,2.0,2.0,1.0,2.0,0.0,0.0,0.0,0.0,0.0,0.0,1.0
Case_2_1_The_Digital_Romance,CONTROL,EXPLICIT,Task_012,1.0,2.0,2.0,2.0,2.0,2.0,1.0,1.0,0.0,2.0,2.0,2.0,2.0,2.0,0.0,0.0,0.0,0.0,0.0,0.0,1.0
Case_2_1_The_Digital_Romance,CONTROL,EXPLICIT,Task_013,1.0,2.0,2.0,2.0,2.0,2.0,2.0,2.0,0.0,2.0,0.0,2.0,0.0,0.0,0.0,0.0,0.0,0.0,0.0,0.0,1.0
Case_2_1_The_Digital_Romance,CONTROL,EXPLICIT,Task_014,1.0,2.0,2.0,2.0,2.0,1.0,2.0,2.0,0.0,2.0,1.0,2.0,1.0,1.0,0.0,0.0,0.0,0.0,0.0,0.0,1.0
Case_2_1_The_Digital_Romance,CONTROL,EXPLICIT,Task_015,1.0,2.0,2.0,2.0,2.0,1.0,2.0,2.0,0.0,0.0,2.0,2.0,2.0,2.0,0.0,0.0,0.0,0.0,0.0,0.0,1.0
Case_2_1_The_Digital_Romance,CONTROL,EXPLICIT,Task_016,2.0,2.0,2.0,2.0,2.0,2.0,1.0,2.0,0.0,1.0,2.0,2.0,1.0,0.0,0.0,0.0,0.0,0.0,0.0,0.0,1.0
Case_2_1_The_Digital_Romance,CONTROL,EXPLICIT,Task_017,2.0,2.0,1.0,2.0,2.0,2.0,2.0,2.0,0.0,2.0,2.0,2.0,2.0,2.0,0.0,0.0,0.0,0.0,0.0,1.0,1.0
Case_2_1_The_Digital_Romance,CONTROL,EXPLICIT,Task_018,1.0,1.0,1.0,2.0,1.0,2.0,2.0,2.0,0.0,2.0,2.0,2.0,2.0,0.0,0.0,0.0,0.0,0.0,0.0,0.0,1.0
Case_2_1_The_Digital_Romance,CONTROL,EXPLICIT,Task_019,2.0,2.0,1.0,2.0,2.0,1.0,1.0,2.0,0.0,2.0,2.0,2.0,1.0,1.0,0.0,0.0,0.0,0.0,0.0,0.0,1.0
Case_2_1_The_Digital_Romance,CONTROL,EXPLICIT,Task_020,1.0,2.0,2.0,2.0,2.0,2.0,1.0,2.0,0.0,1.0,1.0,2.0,2.0,2.0,0.0,0.0,0.0,0.0,0.0,0.0,1.0
Case_2_1_The_Digital_Romance,CONTROL,EXPLICIT,Task_021,2.0,2.0,2.0,2.0,1.0,2.0,2.0,2.0,0.0,2.0,1.0,2.0,0.0,2.0,0.0,0.0,0.0,0.0,0.0,0.0,1.0
Case_2_1_The_Digital_Romance,CONTROL,EXPLICIT,Task_022,2.0,2.0,2.0,2.0,2.0,2.0,1.0,2.0,0.0,2.0,2.0,2.0,2.0,2.0,0.0,0.0,0.0,0.0,0.0,0.0,1.0
Case_2_1_The_Digital_Romance,CONTROL,EXPLICIT,Task_023,1.0,2.0,2.0,2.0,2.0,2.0,2.0,2.0,0.0,2.0,2.0,2.0,2.0,2.0,0.0,0.0,0.0,0.0,0.0,0.0,1.0
Case_2_1_The_Digital_Romance,CONTROL,EXPLICIT,Task_024,2.0,2.0,2.0,2.0,2.0,2.0,2.0,2.0,0.0,2.0,2.0,2.0,2.0,1.0,0.0,0.0,0.0,0.0,0.0,0.0,1.0
Case_2_1_The_Digital_Romance,CONTROL,EXPLICIT,Task_025,1.0,2.0,1.0,2.0,2.0,2.0,2.0,2.0,0.0,2.0,2.0,2.0,1.0,2.0,0.0,0.0,0.0,0.0,0.0,0.0,1.0
Case_2_1_The_Digital_Romance,CONTROL,EXPLICIT,Task_026,1.0,1.0,2.0,2.0,2.0,2.0,2.0,2.0,0.0,2.0,2.0,2.0,1.0,2.0,0.0,0.0,0.0,0.0,0.0,0.0,1.0
Case_2_1_The_Digital_Romance,CONTROL,EXPLICIT,Task_027,2.0,2.0,2.0,2.0,1.0,2.0,2.0,2.0,0.0,2.0,1.0,2.0,2.0,2.0,0.0,0.0,0.0,0.0,0.0,0.0,1.0
Case_2_1_The_Digital_Romance,CONTROL,EXPLICIT,Task_028,2.0,2.0,1.0,2.0,2.0,2.0,2.0,2.0,0.0,2.0,2.0,2.0,1.0,2.0,0.0,0.0,0.0,0.0,0.0,0.0,1.0
Case_2_1_The_Digital_Romance,CONTROL,EXPLICIT,Task_029,2.0,2.0,1.0,2.0,2.0,2.0,2.0,2.0,0.0,2.0,2.0,2.0,2.0,2.0,0.0,0.0,0.0,0.0,0.0,0.0,1.0
Case_2_1_The_Digital_Romance,CONTROL,EXPLICIT,Task_030,2.0,2.0,2.0,2.0,2.0,2.0,2.0,2.0,0.0,2.0,1.0,2.0,2.0,0.0,0.0,0.0,0.0,0.0,0.0,0.0,1.0
Case_2_1_The_Digital_Romance,PCBT,EXPLICIT,Task_031,1.0,1.0,1.0,0.0,0.0,1.0,0.0,2.0,0.0,0.0,0.0,2.0,0.0,2.0,0.0,0.0,1.0,0.0,0.0,0.0,1.0
Case_2_1_The_Digital_Romance,PCBT,EXPLICIT,Task_032,0.0,0.0,1.0,0.0,1.0,1.0,2.0,0.0,0.0,1.0,2.0,0.0,0.0,0.0,0.0,0.0,0.0,0.0,0.0,0.0,1.0
Case_2_1_The_Digital_Romance,PCBT,EXPLICIT,Task_033,1.0,1.0,1.0,0.0,0.0,2.0,0.0,0.0,0.0,0.0,2.0,1.0,0.0,0.0,0.0,1.0,1.0,0.0,1.0,1.0,1.0
Case_2_1_The_Digital_Romance,PCBT,EXPLICIT,Task_034,1.0,1.0,0.0,0.0,0.0,1.0,0.0,0.0,0.0,0.0,0.0,0.0,0.0,0.0,0.0,1.0,0.0,0.0,0.0,1.0,1.0
Case_2_1_The_Digital_Romance,PCBT,EXPLICIT,Task_035,0.0,1.0,1.0,0.0,0.0,0.0,0.0,0.0,0.0,2.0,0.0,0.0,0.0,0.0,0.0,0.0,0.0,0.0,1.0,1.0,1.0
Case_2_1_The_Digital_Romance,PCBT,EXPLICIT,Task_036,0.0,1.0,0.0,0.0,0.0,1.0,0.0,2.0,0.0,0.0,0.0,0.0,0.0,0.0,0.0,1.0,0.0,0.0,1.0,1.0,1.0
Case_2_1_The_Digital_Romance,PCBT,EXPLICIT,Task_037,0.0,1.0,1.0,0.0,0.0,1.0,0.0,0.0,0.0,0.0,1.0,0.0,0.0,0.0,0.0,1.0,0.0,0.0,1.0,1.0,1.0
Case_2_1_The_Digital_Romance,PCBT,EXPLICIT,Task_038,1.0,1.0,1.0,0.0,0.0,2.0,0.0,1.0,0.0,0.0,0.0,0.0,0.0,0.0,0.0,0.0,0.0,0.0,0.0,0.0,1.0
Case_2_1_The_Digital_Romance,PCBT,EXPLICIT,Task_039,1.0,1.0,1.0,0.0,0.0,0.0,0.0,0.0,0.0,2.0,0.0,0.0,0.0,0.0,0.0,0.0,0.0,0.0,0.0,0.0,1.0
Case_2_1_The_Digital_Romance,PCBT,EXPLICIT,Task_040,1.0,1.0,1.0,0.0,0.0,1.0,0.0,0.0,0.0,0.0,0.0,0.0,0.0,0.0,0.0,0.0,0.0,0.0,1.0,0.0,1.0
Case_2_1_The_Digital_Romance,PCBT,EXPLICIT,Task_041,0.0,1.0,1.0,0.0,0.0,0.0,0.0,0.0,0.0,0.0,0.0,1.0,0.0,0.0,0.0,0.0,0.0,0.0,0.0,0.0,1.0
Case_2_1_The_Digital_Romance,PCBT,EXPLICIT,Task_042,0.0,0.0,0.0,0.0,0.0,0.0,0.0,0.0,0.0,0.0,2.0,0.0,0.0,0.0,0.0,0.0,0.0,0.0,0.0,0.0,1.0
Case_2_1_The_Digital_Romance,PCBT,EXPLICIT,Task_043,0.0,1.0,2.0,0.0,0.0,1.0,0.0,0.0,0.0,1.0,0.0,0.0,0.0,0.0,0.0,0.0,0.0,0.0,1.0,1.0,1.0
Case_2_1_The_Digital_Romance,PCBT,EXPLICIT,Task_044,0.0,1.0,1.0,0.0,0.0,0.0,0.0,0.0,0.0,0.0,0.0,0.0,0.0,0.0,0.0,1.0,1.0,0.0,1.0,1.0,1.0
Case_2_1_The_Digital_Romance,PCBT,EXPLICIT,Task_045,1.0,1.0,1.0,0.0,0.0,0.0,0.0,0.0,0.0,0.0,2.0,0.0,0.0,0.0,0.0,0.0,0.0,0.0,0.0,1.0,1.0
Case_2_1_The_Digital_Romance,PCBT,EXPLICIT,Task_046,0.0,1.0,1.0,0.0,0.0,0.0,0.0,0.0,0.0,0.0,0.0,2.0,0.0,0.0,0.0,0.0,0.0,0.0,0.0,0.0,1.0
Case_2_1_The_Digital_Romance,PCBT,EXPLICIT,Task_047,0.0,1.0,1.0,0.0,0.0,0.0,0.0,0.0,0.0,0.0,0.0,0.0,0.0,0.0,0.0,0.0,1.0,0.0,1.0,0.0,1.0
Case_2_1_The_Digital_Romance,PCBT,EXPLICIT,Task_048,2.0,1.0,1.0,0.0,2.0,1.0,1.0,0.0,0.0,0.0,1.0,1.0,0.0,0.0,0.0,0.0,0.0,0.0,0.0,0.0,1.0
Case_2_1_The_Digital_Romance,PCBT,EXPLICIT,Task_049,0.0,0.0,1.0,0.0,1.0,0.0,0.0,0.0,0.0,0.0,0.0,2.0,0.0,0.0,0.0,0.0,0.0,0.0,1.0,0.0,1.0
Case_2_1_The_Digital_Romance,PCBT,EXPLICIT,Task_050,0.0,1.0,0.0,0.0,0.0,1.0,0.0,0.0,0.0,2.0,0.0,2.0,0.0,0.0,0.0,1.0,0.0,0.0,1.0,0.0,1.0
Case_2_1_The_Digital_Romance,PCBT,EXPLICIT,Task_051,0.0,1.0,1.0,1.0,0.0,1.0,0.0,0.0,0.0,2.0,0.0,0.0,0.0,0.0,0.0,0.0,0.0,0.0,0.0,0.0,1.0
Case_2_1_The_Digital_Romance,PCBT,EXPLICIT,Task_052,1.0,1.0,2.0,0.0,0.0,1.0,0.0,0.0,0.0,0.0,0.0,2.0,0.0,0.0,0.0,0.0,0.0,0.0,1.0,0.0,1.0
Case_2_1_The_Digital_Romance,PCBT,EXPLICIT,Task_053,1.0,1.0,1.0,2.0,1.0,1.0,0.0,1.0,0.0,2.0,0.0,1.0,0.0,0.0,0.0,0.0,0.0,0.0,1.0,0.0,1.0
Case_2_1_The_Digital_Romance,PCBT,EXPLICIT,Task_054,0.0,1.0,1.0,0.0,0.0,0.0,0.0,0.0,0.0,0.0,0.0,0.0,0.0,0.0,0.0,0.0,0.0,0.0,0.0,0.0,1.0
Case_2_1_The_Digital_Romance,PCBT,EXPLICIT,Task_055,1.0,1.0,1.0,1.0,1.0,1.0,0.0,0.0,0.0,1.0,2.0,0.0,0.0,0.0,0.0,0.0,0.0,0.0,0.0,0.0,1.0
Case_2_1_The_Digital_Romance,PCBT,EXPLICIT,Task_056,1.0,1.0,1.0,0.0,1.0,0.0,0.0,0.0,0.0,1.0,0.0,2.0,0.0,0.0,0.0,0.0,0.0,0.0,0.0,0.0,1.0
Case_2_1_The_Digital_Romance,PCBT,EXPLICIT,Task_057,0.0,0.0,1.0,0.0,1.0,1.0,0.0,0.0,0.0,0.0,0.0,0.0,0.0,0.0,0.0,0.0,0.0,0.0,0.0,0.0,1.0
Case_2_1_The_Digital_Romance,PCBT,EXPLICIT,Task_058,0.0,1.0,1.0,0.0,2.0,1.0,0.0,0.0,0.0,0.0,0.0,1.0,0.0,0.0,0.0,1.0,0.0,0.0,1.0,0.0,1.0
Case_2_1_The_Digital_Romance,PCBT,EXPLICIT,Task_059,1.0,1.0,1.0,0.0,1.0,1.0,0.0,0.0,0.0,2.0,0.0,0.0,0.0,0.0,0.0,0.0,1.0,0.0,1.0,0.0,1.0
Case_2_1_The_Digital_Romance,PCBT,EXPLICIT,Task_060,1.0,1.0,1.0,0.0,0.0,1.0,0.0,0.0,0.0,0.0,0.0,0.0,0.0,0.0,0.0,0.0,0.0,0.0,1.0,1.0,1.0
Case_2_2_The_Digital_Romance,CONTROL,IMPLICIT,Task_061,2.0,2.0,2.0,1.0,1.0,2.0,2.0,0.0,0.0,0.0,2.0,2.0,2.0,0.0,2.0,0.0,0.0,0.0,0.0,0.0,0.0
Case_2_2_The_Digital_Romance,CONTROL,IMPLICIT,Task_062,2.0,2.0,2.0,1.0,1.0,1.0,2.0,1.0,0.0,0.0,2.0,2.0,1.0,0.0,2.0,0.0,0.0,0.0,0.0,0.0,0.0
Case_2_2_The_Digital_Romance,CONTROL,IMPLICIT,Task_063,2.0,2.0,2.0,1.0,1.0,1.0,2.0,0.0,0.0,2.0,2.0,0.0,2.0,0.0,2.0,0.0,0.0,0.0,0.0,0.0,0.0
Case_2_2_The_Digital_Romance,CONTROL,IMPLICIT,Task_064,2.0,2.0,2.0,1.0,2.0,2.0,2.0,1.0,0.0,1.0,2.0,0.0,2.0,0.0,2.0,0.0,0.0,0.0,0.0,0.0,0.0
Case_2_2_The_Digital_Romance,CONTROL,IMPLICIT,Task_065,2.0,2.0,2.0,1.0,2.0,1.0,2.0,0.0,0.0,2.0,2.0,2.0,2.0,0.0,2.0,0.0,0.0,0.0,0.0,0.0,0.0
Case_2_2_The_Digital_Romance,CONTROL,IMPLICIT,Task_066,2.0,2.0,2.0,1.0,2.0,1.0,1.0,0.0,0.0,0.0,2.0,0.0,0.0,0.0,2.0,0.0,0.0,0.0,0.0,0.0,0.0
Case_2_2_The_Digital_Romance,CONTROL,IMPLICIT,Task_067,2.0,2.0,2.0,1.0,1.0,1.0,1.0,0.0,0.0,0.0,2.0,2.0,2.0,0.0,2.0,0.0,0.0,0.0,0.0,0.0,0.0
Case_2_2_The_Digital_Romance,CONTROL,IMPLICIT,Task_068,2.0,2.0,2.0,1.0,1.0,1.0,1.0,1.0,1.0,0.0,0.0,0.0,0.0,2.0,2.0,0.0,0.0,0.0,0.0,0.0,0.0
Case_2_2_The_Digital_Romance,CONTROL,IMPLICIT,Task_069,2.0,2.0,2.0,1.0,1.0,2.0,1.0,1.0,1.0,0.0,0.0,1.0,2.0,0.0,2.0,0.0,0.0,0.0,0.0,0.0,0.0
Case_2_2_The_Digital_Romance,CONTROL,IMPLICIT,Task_070,2.0,2.0,2.0,1.0,1.0,1.0,1.0,1.0,1.0,2.0,0.0,2.0,2.0,0.0,2.0,0.0,0.0,0.0,0.0,0.0,0.0
Case_2_2_The_Digital_Romance,CONTROL,IMPLICIT,Task_071,2.0,2.0,2.0,1.0,2.0,1.0,1.0,1.0,0.0,2.0,2.0,0.0,0.0,0.0,2.0,0.0,0.0,0.0,0.0,0.0,0.0
Case_2_2_The_Digital_Romance,CONTROL,IMPLICIT,Task_072,2.0,2.0,1.0,1.0,1.0,1.0,2.0,0.0,0.0,0.0,2.0,1.0,2.0,0.0,2.0,0.0,0.0,0.0,0.0,0.0,0.0
Case_2_2_The_Digital_Romance,CONTROL,IMPLICIT,Task_073,2.0,2.0,2.0,1.0,1.0,1.0,1.0,1.0,0.0,0.0,0.0,2.0,2.0,0.0,2.0,0.0,0.0,0.0,0.0,0.0,0.0
Case_2_2_The_Digital_Romance,CONTROL,IMPLICIT,Task_074,2.0,2.0,2.0,1.0,1.0,2.0,1.0,1.0,0.0,2.0,2.0,2.0,0.0,0.0,2.0,0.0,0.0,0.0,0.0,0.0,0.0
Case_2_2_The_Digital_Romance,CONTROL,IMPLICIT,Task_075,2.0,2.0,2.0,1.0,1.0,2.0,1.0,0.0,0.0,0.0,0.0,2.0,0.0,0.0,2.0,0.0,0.0,0.0,0.0,0.0,0.0
Case_2_2_The_Digital_Romance,CONTROL,IMPLICIT,Task_076,2.0,2.0,1.0,1.0,1.0,1.0,1.0,1.0,0.0,0.0,1.0,2.0,0.0,1.0,2.0,0.0,0.0,0.0,0.0,0.0,0.0
Case_2_2_The_Digital_Romance,CONTROL,IMPLICIT,Task_077,2.0,2.0,2.0,1.0,1.0,1.0,1.0,1.0,0.0,0.0,0.0,2.0,2.0,0.0,2.0,0.0,0.0,0.0,0.0,0.0,0.0
Case_2_2_The_Digital_Romance,CONTROL,IMPLICIT,Task_078,1.0,2.0,2.0,1.0,2.0,1.0,1.0,1.0,1.0,0.0,2.0,2.0,2.0,0.0,2.0,0.0,0.0,0.0,0.0,0.0,0.0
Case_2_2_The_Digital_Romance,CONTROL,IMPLICIT,Task_079,2.0,2.0,1.0,1.0,1.0,1.0,1.0,1.0,0.0,2.0,2.0,0.0,0.0,0.0,2.0,0.0,0.0,0.0,0.0,0.0,0.0
Case_2_2_The_Digital_Romance,CONTROL,IMPLICIT,Task_080,2.0,2.0,2.0,1.0,2.0,1.0,2.0,1.0,,0.0,2.0,2.0,2.0,0.0,,0.0,0.0,0.0,0.0,,
Case_2_2_The_Digital_Romance,CONTROL,IMPLICIT,Task_081,2.0,2.0,2.0,1.0,1.0,2.0,2.0,1.0,1.0,2.0,0.0,2.0,1.0,0.0,2.0,0.0,0.0,0.0,0.0,0.0,0.0
Case_2_2_The_Digital_Romance,CONTROL,IMPLICIT,Task_082,2.0,2.0,2.0,1.0,1.0,1.0,1.0,0.0,0.0,0.0,0.0,0.0,2.0,0.0,2.0,0.0,0.0,0.0,0.0,0.0,0.0
Case_2_2_The_Digital_Romance,CONTROL,IMPLICIT,Task_083,2.0,2.0,2.0,1.0,1.0,2.0,1.0,0.0,0.0,0.0,0.0,0.0,2.0,0.0,2.0,0.0,0.0,0.0,0.0,0.0,0.0
Case_2_2_The_Digital_Romance,CONTROL,IMPLICIT,Task_084,2.0,1.0,2.0,1.0,1.0,1.0,1.0,1.0,1.0,0.0,0.0,0.0,0.0,0.0,2.0,0.0,0.0,0.0,0.0,0.0,0.0
Case_2_2_The_Digital_Romance,CONTROL,IMPLICIT,Task_085,2.0,2.0,2.0,1.0,1.0,1.0,2.0,1.0,1.0,2.0,2.0,2.0,2.0,0.0,2.0,0.0,0.0,0.0,0.0,0.0,0.0
Case_2_2_The_Digital_Romance,CONTROL,IMPLICIT,Task_086,2.0,2.0,2.0,1.0,1.0,1.0,2.0,1.0,2.0,2.0,2.0,2.0,2.0,1.0,2.0,0.0,0.0,0.0,0.0,0.0,0.0
Case_2_2_The_Digital_Romance,CONTROL,IMPLICIT,Task_087,2.0,2.0,2.0,1.0,1.0,2.0,2.0,1.0,0.0,2.0,2.0,2.0,1.0,0.0,2.0,0.0,0.0,0.0,0.0,0.0,0.0
Case_2_2_The_Digital_Romance,CONTROL,IMPLICIT,Task_088,2.0,2.0,2.0,1.0,1.0,1.0,2.0,1.0,0.0,0.0,2.0,2.0,0.0,0.0,2.0,0.0,0.0,0.0,0.0,0.0,0.0
Case_2_2_The_Digital_Romance,CONTROL,IMPLICIT,Task_089,2.0,2.0,2.0,1.0,2.0,1.0,2.0,1.0,0.0,2.0,2.0,2.0,2.0,1.0,2.0,0.0,0.0,0.0,0.0,0.0,0.0
Case_2_2_The_Digital_Romance,CONTROL,IMPLICIT,Task_090,2.0,2.0,2.0,1.0,1.0,1.0,1.0,1.0,0.0,0.0,0.0,0.0,0.0,0.0,0.0,0.0,0.0,0.0,0.0,0.0,0.0
Case_2_2_The_Digital_Romance,PCBT,IMPLICIT,Task_091,0.0,0.0,0.0,0.0,1.0,0.0,1.0,0.0,0.0,0.0,0.0,0.0,2.0,0.0,0.0,0.0,0.0,0.0,0.0,0.0,1.0
Case_2_2_The_Digital_Romance,PCBT,IMPLICIT,Task_092,0.0,1.0,2.0,1.0,1.0,1.0,1.0,0.0,0.0,0.0,0.0,0.0,0.0,0.0,0.0,0.0,0.0,0.0,0.0,0.0,1.0
Case_2_2_The_Digital_Romance,PCBT,IMPLICIT,Task_093,0.0,0.0,0.0,1.0,1.0,1.0,1.0,0.0,0.0,0.0,0.0,0.0,0.0,0.0,0.0,0.0,0.0,0.0,0.0,0.0,1.0
Case_2_2_The_Digital_Romance,PCBT,IMPLICIT,Task_094,0.0,1.0,0.0,1.0,1.0,0.0,1.0,1.0,0.0,0.0,0.0,0.0,2.0,0.0,0.0,0.0,0.0,0.0,0.0,0.0,1.0
Case_2_2_The_Digital_Romance,PCBT,IMPLICIT,Task_095,0.0,0.0,0.0,1.0,1.0,1.0,0.0,1.0,0.0,0.0,0.0,0.0,0.0,0.0,0.0,0.0,0.0,0.0,0.0,0.0,1.0
Case_2_2_The_Digital_Romance,PCBT,IMPLICIT,Task_096,0.0,0.0,0.0,0.0,1.0,1.0,1.0,1.0,0.0,0.0,0.0,1.0,0.0,1.0,0.0,0.0,0.0,0.0,0.0,0.0,1.0
Case_2_2_The_Digital_Romance,PCBT,IMPLICIT,Task_097,0.0,0.0,0.0,0.0,1.0,1.0,0.0,0.0,0.0,2.0,0.0,0.0,0.0,0.0,0.0,0.0,0.0,0.0,0.0,0.0,1.0
Case_2_2_The_Digital_Romance,PCBT,IMPLICIT,Task_098,1.0,1.0,0.0,1.0,1.0,1.0,1.0,1.0,0.0,0.0,0.0,0.0,0.0,0.0,0.0,0.0,0.0,0.0,0.0,0.0,1.0
Case_2_2_The_Digital_Romance,PCBT,IMPLICIT,Task_099,0.0,1.0,0.0,0.0,0.0,0.0,0.0,0.0,0.0,0.0,2.0,0.0,0.0,0.0,0.0,0.0,0.0,0.0,0.0,0.0,1.0
Case_2_2_The_Digital_Romance,PCBT,IMPLICIT,Task_100,0.0,1.0,0.0,0.0,1.0,1.0,0.0,1.0,0.0,0.0,0.0,0.0,0.0,2.0,0.0,0.0,0.0,0.0,0.0,0.0,1.0
Case_2_2_The_Digital_Romance,PCBT,IMPLICIT,Task_101,0.0,0.0,0.0,0.0,1.0,1.0,1.0,1.0,0.0,0.0,0.0,2.0,2.0,0.0,0.0,0.0,0.0,0.0,0.0,1.0,1.0
Case_2_2_The_Digital_Romance,PCBT,IMPLICIT,Task_102,0.0,0.0,0.0,0.0,1.0,1.0,1.0,1.0,0.0,2.0,0.0,0.0,0.0,2.0,0.0,0.0,0.0,0.0,0.0,0.0,1.0
Case_2_2_The_Digital_Romance,PCBT,IMPLICIT,Task_103,0.0,0.0,0.0,0.0,1.0,1.0,1.0,1.0,0.0,0.0,0.0,0.0,0.0,0.0,0.0,0.0,0.0,0.0,0.0,0.0,1.0
Case_2_2_The_Digital_Romance,PCBT,IMPLICIT,Task_104,0.0,1.0,0.0,2.0,1.0,1.0,1.0,1.0,0.0,0.0,0.0,0.0,2.0,0.0,0.0,0.0,0.0,0.0,0.0,0.0,1.0
Case_2_2_The_Digital_Romance,PCBT,IMPLICIT,Task_105,0.0,1.0,0.0,0.0,2.0,1.0,0.0,0.0,0.0,0.0,0.0,0.0,0.0,2.0,0.0,0.0,0.0,0.0,0.0,0.0,1.0
Case_2_2_The_Digital_Romance,PCBT,IMPLICIT,Task_106,0.0,1.0,0.0,0.0,1.0,0.0,0.0,0.0,0.0,0.0,0.0,0.0,0.0,0.0,0.0,0.0,0.0,0.0,0.0,0.0,1.0
Case_2_2_The_Digital_Romance,PCBT,IMPLICIT,Task_107,0.0,1.0,0.0,0.0,0.0,0.0,0.0,1.0,0.0,0.0,0.0,0.0,0.0,1.0,0.0,0.0,0.0,0.0,0.0,0.0,1.0
Case_2_2_The_Digital_Romance,PCBT,IMPLICIT,Task_108,1.0,1.0,0.0,0.0,0.0,0.0,0.0,0.0,0.0,0.0,0.0,0.0,0.0,0.0,0.0,0.0,0.0,0.0,0.0,0.0,1.0
Case_2_2_The_Digital_Romance,PCBT,IMPLICIT,Task_109,1.0,1.0,0.0,1.0,1.0,1.0,1.0,1.0,0.0,0.0,0.0,0.0,0.0,0.0,0.0,0.0,0.0,0.0,0.0,0.0,1.0
Case_2_2_The_Digital_Romance,PCBT,IMPLICIT,Task_110,0.0,1.0,0.0,0.0,0.0,0.0,1.0,0.0,0.0,0.0,0.0,0.0,0.0,0.0,0.0,1.0,0.0,0.0,0.0,0.0,1.0
Case_2_2_The_Digital_Romance,PCBT,IMPLICIT,Task_111,0.0,0.0,2.0,1.0,1.0,1.0,0.0,1.0,0.0,0.0,2.0,2.0,0.0,0.0,0.0,0.0,0.0,0.0,0.0,0.0,1.0
Case_2_2_The_Digital_Romance,PCBT,IMPLICIT,Task_112,0.0,0.0,0.0,0.0,1.0,1.0,1.0,1.0,0.0,0.0,0.0,0.0,0.0,0.0,0.0,0.0,0.0,0.0,0.0,0.0,1.0
Case_2_2_The_Digital_Romance,PCBT,IMPLICIT,Task_113,1.0,1.0,0.0,1.0,1.0,1.0,1.0,0.0,0.0,0.0,2.0,0.0,0.0,0.0,0.0,0.0,0.0,0.0,0.0,0.0,1.0
Case_2_2_The_Digital_Romance,PCBT,IMPLICIT,Task_114,0.0,0.0,0.0,0.0,1.0,0.0,1.0,0.0,0.0,0.0,0.0,0.0,0.0,0.0,0.0,0.0,0.0,0.0,0.0,0.0,1.0
Case_2_2_The_Digital_Romance,PCBT,IMPLICIT,Task_115,0.0,1.0,1.0,1.0,1.0,1.0,1.0,0.0,0.0,0.0,2.0,0.0,0.0,0.0,0.0,0.0,0.0,0.0,0.0,0.0,1.0
Case_2_2_The_Digital_Romance,PCBT,IMPLICIT,Task_116,0.0,1.0,1.0,1.0,1.0,1.0,1.0,1.0,0.0,2.0,0.0,0.0,0.0,0.0,0.0,0.0,0.0,0.0,0.0,0.0,1.0
Case_2_2_The_Digital_Romance,PCBT,IMPLICIT,Task_117,1.0,0.0,0.0,1.0,1.0,0.0,1.0,0.0,0.0,0.0,0.0,0.0,0.0,0.0,0.0,0.0,0.0,0.0,0.0,0.0,1.0
Case_2_2_The_Digital_Romance,PCBT,IMPLICIT,Task_118,0.0,0.0,0.0,1.0,1.0,0.0,1.0,0.0,0.0,0.0,0.0,0.0,0.0,0.0,0.0,0.0,0.0,0.0,0.0,0.0,1.0
Case_2_2_The_Digital_Romance,PCBT,IMPLICIT,Task_119,0.0,1.0,0.0,1.0,1.0,1.0,1.0,1.0,0.0,0.0,0.0,0.0,0.0,0.0,0.0,0.0,0.0,0.0,0.0,0.0,1.0
Case_2_2_The_Digital_Romance,PCBT,IMPLICIT,Task_120,0.0,0.0,0.0,0.0,1.0,1.0,1.0,0.0,0.0,0.0,0.0,0.0,0.0,0.0,0.0,0.0,0.0,0.0,0.0,0.0,1.0
Case_4_1_The_Secret_Project,CONTROL,EXPLICIT,Task_001,1.0,1.0,1.0,1.0,1.0,1.0,1.0,0.0,0.0,0.0,2.0,2.0,0.0,0.0,0.0,0.0,0.0,0.0,0.0,1.0,0.0
Case_4_1_The_Secret_Project,CONTROL,EXPLICIT,Task_002,0.0,0.0,0.0,1.0,1.0,2.0,2.0,0.0,0.0,0.0,2.0,0.0,1.0,0.0,0.0,0.0,0.0,0.0,0.0,1.0,0.0
Case_4_1_The_Secret_Project,CONTROL,EXPLICIT,Task_003,1.0,1.0,1.0,1.0,2.0,1.0,1.0,0.0,0.0,0.0,0.0,0.0,0.0,0.0,0.0,0.0,0.0,0.0,0.0,1.0,0.0
Case_4_1_The_Secret_Project,CONTROL,EXPLICIT,Task_004,1.0,2.0,0.0,1.0,1.0,2.0,1.0,0.0,0.0,2.0,0.0,2.0,1.0,0.0,0.0,0.0,0.0,0.0,0.0,1.0,0.0
Case_4_1_The_Secret_Project,CONTROL,EXPLICIT,Task_005,1.0,1.0,1.0,1.0,1.0,2.0,0.0,0.0,0.0,0.0,0.0,2.0,0.0,0.0,0.0,0.0,0.0,0.0,0.0,0.0,0.0
Case_4_1_The_Secret_Project,CONTROL,EXPLICIT,Task_006,1.0,2.0,1.0,1.0,1.0,1.0,1.0,0.0,0.0,0.0,0.0,1.0,0.0,0.0,0.0,0.0,0.0,0.0,1.0,1.0,0.0
Case_4_1_The_Secret_Project,CONTROL,EXPLICIT,Task_007,0.0,1.0,0.0,1.0,2.0,1.0,2.0,0.0,0.0,0.0,0.0,0.0,2.0,0.0,0.0,0.0,0.0,0.0,0.0,1.0,0.0
Case_4_1_The_Secret_Project,CONTROL,EXPLICIT,Task_008,1.0,2.0,2.0,1.0,2.0,1.0,1.0,0.0,0.0,0.0,1.0,2.0,0.0,0.0,0.0,0.0,0.0,0.0,0.0,1.0,0.0
Case_4_1_The_Secret_Project,CONTROL,EXPLICIT,Task_009,1.0,1.0,1.0,1.0,2.0,2.0,1.0,0.0,0.0,0.0,1.0,2.0,1.0,0.0,0.0,0.0,0.0,0.0,,0.0,0.0
Case_4_1_The_Secret_Project,CONTROL,EXPLICIT,Task_010,0.0,2.0,1.0,1.0,1.0,1.0,1.0,0.0,0.0,0.0,0.0,2.0,0.0,0.0,0.0,0.0,0.0,0.0,1.0,1.0,0.0
Case_4_1_The_Secret_Project,CONTROL,EXPLICIT,Task_011,0.0,1.0,0.0,1.0,1.0,1.0,0.0,0.0,0.0,0.0,0.0,2.0,0.0,0.0,0.0,0.0,0.0,0.0,0.0,1.0,0.0
Case_4_1_The_Secret_Project,CONTROL,EXPLICIT,Task_012,0.0,2.0,0.0,1.0,2.0,2.0,1.0,0.0,0.0,0.0,0.0,0.0,1.0,0.0,0.0,0.0,0.0,0.0,0.0,1.0,0.0
Case_4_1_The_Secret_Project,CONTROL,EXPLICIT,Task_013,0.0,1.0,0.0,1.0,1.0,1.0,1.0,0.0,0.0,0.0,0.0,2.0,0.0,0.0,0.0,0.0,0.0,0.0,0.0,1.0,0.0
Case_4_1_The_Secret_Project,CONTROL,EXPLICIT,Task_014,1.0,1.0,1.0,1.0,2.0,2.0,1.0,0.0,0.0,0.0,1.0,2.0,0.0,0.0,0.0,0.0,0.0,0.0,1.0,1.0,0.0
Case_4_1_The_Secret_Project,CONTROL,EXPLICIT,Task_015,0.0,2.0,0.0,1.0,1.0,1.0,1.0,0.0,0.0,0.0,0.0,2.0,0.0,0.0,0.0,0.0,0.0,0.0,0.0,1.0,0.0
Case_4_1_The_Secret_Project,CONTROL,EXPLICIT,Task_016,0.0,1.0,1.0,1.0,1.0,1.0,1.0,0.0,0.0,0.0,0.0,0.0,1.0,0.0,0.0,0.0,0.0,0.0,0.0,1.0,1.0
Case_4_1_The_Secret_Project,CONTROL,EXPLICIT,Task_017,0.0,2.0,1.0,1.0,2.0,1.0,2.0,0.0,0.0,0.0,2.0,0.0,0.0,0.0,0.0,0.0,0.0,0.0,0.0,1.0,1.0
Case_4_1_The_Secret_Project,CONTROL,EXPLICIT,Task_018,1.0,1.0,1.0,1.0,1.0,1.0,1.0,0.0,0.0,0.0,0.0,2.0,1.0,0.0,0.0,0.0,0.0,0.0,0.0,0.0,0.0
Case_4_1_The_Secret_Project,CONTROL,EXPLICIT,Task_019,0.0,2.0,0.0,1.0,2.0,2.0,1.0,0.0,0.0,0.0,0.0,2.0,0.0,0.0,0.0,0.0,0.0,0.0,0.0,1.0,0.0
Case_4_1_The_Secret_Project,CONTROL,EXPLICIT,Task_020,1.0,2.0,1.0,1.0,1.0,2.0,1.0,0.0,0.0,0.0,0.0,0.0,0.0,0.0,0.0,0.0,0.0,0.0,0.0,0.0,0.0
Case_4_1_The_Secret_Project,CONTROL,EXPLICIT,Task_021,1.0,1.0,0.0,1.0,1.0,1.0,1.0,0.0,0.0,0.0,0.0,1.0,1.0,0.0,0.0,0.0,0.0,0.0,1.0,1.0,0.0
Case_4_1_The_Secret_Project,CONTROL,EXPLICIT,Task_022,0.0,2.0,0.0,1.0,1.0,2.0,1.0,0.0,0.0,2.0,0.0,2.0,0.0,0.0,0.0,0.0,0.0,0.0,0.0,1.0,0.0
Case_4_1_The_Secret_Project,CONTROL,EXPLICIT,Task_023,1.0,1.0,0.0,1.0,1.0,1.0,1.0,0.0,0.0,0.0,1.0,2.0,1.0,0.0,0.0,0.0,0.0,0.0,0.0,1.0,0.0
Case_4_1_The_Secret_Project,CONTROL,EXPLICIT,Task_024,0.0,1.0,1.0,1.0,1.0,1.0,1.0,0.0,0.0,0.0,2.0,2.0,1.0,0.0,0.0,0.0,0.0,0.0,0.0,0.0,0.0
Case_4_1_The_Secret_Project,CONTROL,EXPLICIT,Task_025,1.0,1.0,1.0,1.0,1.0,1.0,1.0,0.0,0.0,0.0,2.0,0.0,0.0,0.0,0.0,0.0,0.0,0.0,0.0,1.0,0.0
Case_4_1_The_Secret_Project,CONTROL,EXPLICIT,Task_026,1.0,1.0,1.0,1.0,1.0,2.0,1.0,0.0,0.0,0.0,0.0,0.0,0.0,0.0,0.0,0.0,0.0,0.0,1.0,0.0,0.0
Case_4_1_The_Secret_Project,CONTROL,EXPLICIT,Task_027,1.0,1.0,1.0,1.0,1.0,1.0,1.0,0.0,0.0,0.0,0.0,0.0,0.0,0.0,0.0,0.0,0.0,0.0,0.0,1.0,0.0
Case_4_1_The_Secret_Project,CONTROL,EXPLICIT,Task_028,1.0,1.0,1.0,1.0,2.0,1.0,1.0,0.0,0.0,2.0,2.0,2.0,1.0,0.0,0.0,0.0,0.0,0.0,0.0,1.0,0.0
Case_4_1_The_Secret_Project,CONTROL,EXPLICIT,Task_029,0.0,1.0,0.0,1.0,1.0,1.0,1.0,0.0,0.0,0.0,2.0,0.0,0.0,0.0,0.0,0.0,0.0,0.0,0.0,1.0,0.0
Case_4_1_The_Secret_Project,CONTROL,EXPLICIT,Task_030,1.0,1.0,1.0,1.0,1.0,2.0,1.0,0.0,0.0,0.0,0.0,0.0,0.0,0.0,0.0,0.0,0.0,0.0,0.0,0.0,0.0
Case_4_1_The_Secret_Project,PCBT,EXPLICIT,Task_031,0.0,0.0,0.0,0.0,0.0,0.0,0.0,0.0,0.0,0.0,0.0,0.0,0.0,0.0,0.0,0.0,0.0,0.0,1.0,1.0,1.0
Case_4_1_The_Secret_Project,PCBT,EXPLICIT,Task_032,1.0,0.0,0.0,0.0,1.0,1.0,0.0,0.0,0.0,0.0,0.0,0.0,0.0,0.0,0.0,0.0,0.0,0.0,1.0,1.0,1.0
Case_4_1_The_Secret_Project,PCBT,EXPLICIT,Task_033,0.0,1.0,0.0,1.0,0.0,2.0,0.0,0.0,0.0,0.0,0.0,0.0,0.0,0.0,0.0,0.0,0.0,0.0,1.0,1.0,1.0
Case_4_1_The_Secret_Project,PCBT,EXPLICIT,Task_034,0.0,0.0,0.0,1.0,1.0,1.0,0.0,0.0,0.0,0.0,0.0,1.0,0.0,0.0,0.0,0.0,0.0,0.0,1.0,1.0,1.0
Case_4_1_The_Secret_Project,PCBT,EXPLICIT,Task_035,0.0,0.0,0.0,0.0,0.0,2.0,0.0,0.0,0.0,0.0,0.0,0.0,0.0,0.0,0.0,0.0,0.0,0.0,1.0,1.0,1.0
Case_4_1_The_Secret_Project,PCBT,EXPLICIT,Task_036,1.0,0.0,0.0,0.0,0.0,0.0,0.0,0.0,0.0,0.0,0.0,1.0,0.0,0.0,0.0,0.0,0.0,0.0,1.0,1.0,1.0
Case_4_1_The_Secret_Project,PCBT,EXPLICIT,Task_037,0.0,1.0,0.0,1.0,1.0,1.0,0.0,0.0,0.0,0.0,0.0,2.0,0.0,0.0,0.0,0.0,0.0,0.0,1.0,1.0,1.0
Case_4_1_The_Secret_Project,PCBT,EXPLICIT,Task_038,1.0,2.0,1.0,1.0,1.0,1.0,0.0,0.0,0.0,0.0,0.0,2.0,0.0,0.0,0.0,0.0,0.0,0.0,1.0,1.0,1.0
Case_4_1_The_Secret_Project,PCBT,EXPLICIT,Task_039,1.0,0.0,0.0,1.0,1.0,1.0,0.0,0.0,0.0,0.0,0.0,1.0,0.0,0.0,0.0,0.0,0.0,0.0,1.0,1.0,1.0
Case_4_1_The_Secret_Project,PCBT,EXPLICIT,Task_040,0.0,0.0,0.0,0.0,0.0,0.0,0.0,0.0,0.0,0.0,0.0,0.0,0.0,0.0,0.0,0.0,0.0,0.0,1.0,1.0,1.0
Case_4_1_The_Secret_Project,PCBT,EXPLICIT,Task_041,0.0,0.0,0.0,0.0,0.0,0.0,0.0,0.0,0.0,0.0,0.0,0.0,0.0,0.0,0.0,0.0,0.0,0.0,1.0,1.0,1.0
Case_4_1_The_Secret_Project,PCBT,EXPLICIT,Task_042,0.0,0.0,0.0,1.0,1.0,1.0,0.0,0.0,0.0,0.0,0.0,0.0,0.0,0.0,0.0,0.0,1.0,1.0,1.0,1.0,1.0
Case_4_1_The_Secret_Project,PCBT,EXPLICIT,Task_043,1.0,1.0,1.0,1.0,1.0,1.0,0.0,0.0,0.0,0.0,0.0,0.0,0.0,0.0,0.0,0.0,0.0,0.0,1.0,1.0,1.0
Case_4_1_The_Secret_Project,PCBT,EXPLICIT,Task_044,0.0,0.0,0.0,0.0,0.0,1.0,0.0,0.0,0.0,0.0,0.0,1.0,0.0,0.0,0.0,0.0,0.0,0.0,1.0,1.0,1.0
Case_4_1_The_Secret_Project,PCBT,EXPLICIT,Task_045,0.0,1.0,0.0,1.0,1.0,1.0,0.0,0.0,0.0,0.0,0.0,0.0,0.0,0.0,0.0,0.0,0.0,0.0,1.0,1.0,1.0
Case_4_1_The_Secret_Project,PCBT,EXPLICIT,Task_046,1.0,2.0,1.0,1.0,1.0,1.0,0.0,0.0,0.0,0.0,0.0,2.0,0.0,0.0,0.0,0.0,0.0,0.0,1.0,1.0,1.0
Case_4_1_The_Secret_Project,PCBT,EXPLICIT,Task_047,0.0,0.0,1.0,1.0,1.0,1.0,0.0,0.0,0.0,0.0,0.0,0.0,0.0,0.0,0.0,0.0,0.0,0.0,1.0,1.0,1.0
Case_4_1_The_Secret_Project,PCBT,EXPLICIT,Task_048,0.0,0.0,0.0,0.0,0.0,0.0,0.0,0.0,0.0,0.0,0.0,0.0,0.0,0.0,0.0,0.0,0.0,0.0,1.0,1.0,1.0
Case_4_1_The_Secret_Project,PCBT,EXPLICIT,Task_049,1.0,0.0,2.0,1.0,2.0,1.0,0.0,0.0,0.0,0.0,0.0,2.0,0.0,0.0,0.0,0.0,0.0,0.0,1.0,1.0,1.0
Case_4_1_The_Secret_Project,PCBT,EXPLICIT,Task_050,0.0,0.0,0.0,1.0,0.0,0.0,0.0,0.0,0.0,0.0,0.0,0.0,0.0,0.0,0.0,0.0,0.0,0.0,1.0,1.0,0.0
Case_4_1_The_Secret_Project,PCBT,EXPLICIT,Task_051,0.0,0.0,0.0,1.0,2.0,1.0,0.0,0.0,0.0,0.0,0.0,0.0,0.0,0.0,0.0,0.0,0.0,0.0,1.0,1.0,0.0
Case_4_1_The_Secret_Project,PCBT,EXPLICIT,Task_052,0.0,1.0,1.0,1.0,0.0,1.0,0.0,0.0,0.0,0.0,0.0,2.0,0.0,0.0,0.0,0.0,0.0,0.0,1.0,1.0,1.0
Case_4_1_The_Secret_Project,PCBT,EXPLICIT,Task_053,0.0,1.0,0.0,1.0,0.0,1.0,0.0,0.0,0.0,0.0,0.0,0.0,0.0,0.0,0.0,0.0,0.0,0.0,1.0,1.0,0.0
Case_4_1_The_Secret_Project,PCBT,EXPLICIT,Task_054,0.0,0.0,0.0,0.0,0.0,1.0,0.0,0.0,0.0,0.0,0.0,1.0,0.0,0.0,0.0,0.0,0.0,0.0,1.0,1.0,1.0
Case_4_1_The_Secret_Project,PCBT,EXPLICIT,Task_055,0.0,0.0,0.0,0.0,0.0,0.0,0.0,0.0,0.0,0.0,0.0,0.0,0.0,0.0,0.0,1.0,1.0,1.0,1.0,1.0,1.0
Case_4_1_The_Secret_Project,PCBT,EXPLICIT,Task_056,0.0,0.0,0.0,0.0,0.0,0.0,0.0,0.0,0.0,0.0,0.0,0.0,0.0,0.0,0.0,0.0,0.0,0.0,1.0,1.0,1.0
Case_4_1_The_Secret_Project,PCBT,EXPLICIT,Task_057,0.0,1.0,0.0,0.0,0.0,0.0,0.0,0.0,0.0,0.0,0.0,0.0,0.0,0.0,0.0,0.0,0.0,0.0,1.0,1.0,1.0
Case_4_1_The_Secret_Project,PCBT,EXPLICIT,Task_058,0.0,0.0,0.0,1.0,1.0,0.0,0.0,0.0,0.0,0.0,0.0,0.0,0.0,0.0,0.0,0.0,0.0,0.0,1.0,1.0,1.0
Case_4_1_The_Secret_Project,PCBT,EXPLICIT,Task_059,1.0,1.0,1.0,1.0,1.0,1.0,0.0,0.0,0.0,2.0,2.0,1.0,0.0,0.0,0.0,0.0,0.0,0.0,1.0,1.0,1.0
Case_4_1_The_Secret_Project,PCBT,EXPLICIT,Task_060,0.0,0.0,0.0,0.0,0.0,0.0,0.0,0.0,0.0,0.0,0.0,0.0,0.0,0.0,0.0,1.0,1.0,1.0,1.0,1.0,1.0
Case_4_2_The_Secret_Project,CONTROL,IMPLICIT,Task_061,0.0,1.0,1.0,1.0,1.0,1.0,1.0,0.0,0.0,0.0,0.0,0.0,0.0,0.0,0.0,0.0,0.0,0.0,0.0,0.0,0.0
Case_4_2_The_Secret_Project,CONTROL,IMPLICIT,Task_062,1.0,1.0,1.0,1.0,1.0,0.0,1.0,0.0,0.0,0.0,0.0,0.0,0.0,0.0,0.0,0.0,0.0,0.0,0.0,1.0,0.0
Case_4_2_The_Secret_Project,CONTROL,IMPLICIT,Task_063,1.0,1.0,1.0,1.0,1.0,1.0,1.0,0.0,2.0,0.0,0.0,0.0,0.0,0.0,0.0,0.0,0.0,0.0,0.0,0.0,0.0
Case_4_2_The_Secret_Project,CONTROL,IMPLICIT,Task_064,1.0,1.0,1.0,1.0,1.0,1.0,1.0,0.0,1.0,0.0,0.0,0.0,0.0,0.0,0.0,0.0,0.0,0.0,0.0,0.0,0.0
Case_4_2_The_Secret_Project,CONTROL,IMPLICIT,Task_065,1.0,1.0,1.0,1.0,1.0,0.0,1.0,0.0,0.0,0.0,0.0,0.0,0.0,0.0,0.0,0.0,0.0,0.0,0.0,1.0,0.0
Case_4_2_The_Secret_Project,CONTROL,IMPLICIT,Task_066,1.0,1.0,1.0,1.0,1.0,0.0,1.0,0.0,2.0,0.0,0.0,0.0,0.0,0.0,0.0,0.0,0.0,0.0,0.0,0.0,0.0
Case_4_2_The_Secret_Project,CONTROL,IMPLICIT,Task_067,1.0,1.0,1.0,1.0,1.0,2.0,0.0,0.0,1.0,0.0,0.0,0.0,0.0,0.0,0.0,0.0,0.0,0.0,0.0,0.0,0.0
Case_4_2_The_Secret_Project,CONTROL,IMPLICIT,Task_068,1.0,1.0,1.0,1.0,1.0,0.0,0.0,2.0,2.0,0.0,0.0,0.0,0.0,0.0,0.0,0.0,0.0,0.0,0.0,0.0,0.0
Case_4_2_The_Secret_Project,CONTROL,IMPLICIT,Task_069,1.0,1.0,1.0,1.0,1.0,1.0,1.0,0.0,0.0,0.0,0.0,0.0,0.0,0.0,0.0,0.0,0.0,0.0,0.0,0.0,0.0
Case_4_2_The_Secret_Project,CONTROL,IMPLICIT,Task_070,1.0,1.0,1.0,1.0,1.0,1.0,2.0,0.0,0.0,0.0,0.0,0.0,0.0,0.0,0.0,0.0,0.0,0.0,0.0,0.0,0.0
Case_4_2_The_Secret_Project,CONTROL,IMPLICIT,Task_071,1.0,1.0,1.0,1.0,0.0,1.0,1.0,0.0,0.0,0.0,0.0,0.0,0.0,0.0,0.0,0.0,0.0,0.0,0.0,0.0,0.0
Case_4_2_The_Secret_Project,CONTROL,IMPLICIT,Task_072,1.0,1.0,0.0,1.0,1.0,1.0,1.0,0.0,1.0,0.0,0.0,0.0,0.0,0.0,1.0,0.0,0.0,0.0,0.0,0.0,0.0
Case_4_2_The_Secret_Project,CONTROL,IMPLICIT,Task_073,1.0,1.0,1.0,1.0,1.0,1.0,1.0,1.0,0.0,0.0,0.0,0.0,0.0,0.0,0.0,0.0,0.0,0.0,0.0,0.0,0.0
Case_4_2_The_Secret_Project,CONTROL,IMPLICIT,Task_074,1.0,1.0,0.0,1.0,1.0,1.0,0.0,0.0,0.0,0.0,0.0,0.0,0.0,0.0,0.0,0.0,0.0,0.0,0.0,0.0,0.0
Case_4_2_The_Secret_Project,CONTROL,IMPLICIT,Task_075,1.0,0.0,1.0,1.0,1.0,0.0,1.0,0.0,0.0,0.0,0.0,0.0,0.0,0.0,0.0,0.0,0.0,0.0,0.0,1.0,0.0
Case_4_2_The_Secret_Project,CONTROL,IMPLICIT,Task_076,1.0,1.0,1.0,2.0,1.0,1.0,1.0,1.0,0.0,0.0,0.0,0.0,0.0,0.0,0.0,0.0,0.0,0.0,0.0,0.0,0.0
Case_4_2_The_Secret_Project,CONTROL,IMPLICIT,Task_077,1.0,1.0,0.0,1.0,1.0,1.0,0.0,0.0,0.0,0.0,0.0,0.0,0.0,0.0,0.0,0.0,0.0,0.0,0.0,0.0,0.0
Case_4_2_The_Secret_Project,CONTROL,IMPLICIT,Task_078,1.0,0.0,1.0,1.0,0.0,0.0,0.0,0.0,0.0,0.0,0.0,0.0,0.0,0.0,0.0,0.0,0.0,0.0,0.0,0.0,0.0
Case_4_2_The_Secret_Project,CONTROL,IMPLICIT,Task_079,1.0,1.0,1.0,1.0,1.0,1.0,0.0,0.0,0.0,0.0,0.0,0.0,0.0,0.0,0.0,0.0,0.0,0.0,0.0,0.0,0.0
Case_4_2_The_Secret_Project,CONTROL,IMPLICIT,Task_080,1.0,1.0,1.0,1.0,1.0,1.0,0.0,0.0,0.0,0.0,0.0,0.0,0.0,0.0,0.0,0.0,0.0,0.0,0.0,0.0,0.0
Case_4_2_The_Secret_Project,CONTROL,IMPLICIT,Task_081,1.0,0.0,1.0,1.0,1.0,0.0,1.0,0.0,1.0,0.0,0.0,0.0,0.0,0.0,0.0,0.0,0.0,0.0,0.0,0.0,0.0
Case_4_2_The_Secret_Project,CONTROL,IMPLICIT,Task_082,1.0,1.0,1.0,1.0,1.0,1.0,0.0,0.0,1.0,0.0,0.0,0.0,0.0,0.0,0.0,0.0,0.0,0.0,0.0,0.0,0.0
Case_4_2_The_Secret_Project,CONTROL,IMPLICIT,Task_083,1.0,1.0,1.0,1.0,1.0,1.0,1.0,2.0,0.0,0.0,0.0,0.0,0.0,0.0,0.0,0.0,0.0,0.0,0.0,0.0,0.0
Case_4_2_The_Secret_Project,CONTROL,IMPLICIT,Task_084,1.0,1.0,1.0,1.0,1.0,0.0,1.0,0.0,0.0,0.0,0.0,0.0,0.0,0.0,0.0,0.0,0.0,0.0,0.0,0.0,0.0
Case_4_2_The_Secret_Project,CONTROL,IMPLICIT,Task_085,1.0,1.0,1.0,1.0,1.0,1.0,1.0,0.0,1.0,0.0,0.0,0.0,0.0,0.0,0.0,0.0,0.0,0.0,0.0,0.0,0.0
Case_4_2_The_Secret_Project,CONTROL,IMPLICIT,Task_086,1.0,1.0,1.0,1.0,1.0,1.0,1.0,0.0,0.0,0.0,0.0,0.0,0.0,0.0,0.0,0.0,0.0,0.0,0.0,0.0,0.0
Case_4_2_The_Secret_Project,CONTROL,IMPLICIT,Task_087,1.0,1.0,1.0,1.0,0.0,1.0,1.0,0.0,0.0,0.0,0.0,0.0,0.0,0.0,0.0,0.0,0.0,0.0,0.0,0.0,0.0
Case_4_2_The_Secret_Project,CONTROL,IMPLICIT,Task_088,1.0,1.0,1.0,1.0,0.0,1.0,1.0,0.0,0.0,0.0,0.0,0.0,0.0,0.0,0.0,0.0,0.0,0.0,0.0,1.0,0.0
Case_4_2_The_Secret_Project,CONTROL,IMPLICIT,Task_089,1.0,1.0,1.0,1.0,1.0,1.0,0.0,0.0,1.0,0.0,2.0,0.0,0.0,0.0,0.0,0.0,0.0,0.0,0.0,0.0,0.0
Case_4_2_The_Secret_Project,CONTROL,IMPLICIT,Task_090,1.0,1.0,0.0,1.0,1.0,1.0,1.0,0.0,,0.0,0.0,0.0,0.0,0.0,,0.0,0.0,0.0,0.0,0.0,
Case_4_2_The_Secret_Project,PCBT,IMPLICIT,Task_091,1.0,1.0,1.0,1.0,1.0,1.0,2.0,2.0,2.0,0.0,0.0,0.0,0.0,0.0,0.0,0.0,0.0,0.0,0.0,1.0,1.0
Case_4_2_The_Secret_Project,PCBT,IMPLICIT,Task_092,1.0,1.0,1.0,1.0,1.0,1.0,1.0,0.0,0.0,0.0,0.0,0.0,0.0,0.0,0.0,0.0,0.0,0.0,0.0,0.0,0.0
Case_4_2_The_Secret_Project,PCBT,IMPLICIT,Task_093,1.0,1.0,1.0,1.0,1.0,1.0,0.0,0.0,0.0,0.0,0.0,0.0,0.0,0.0,0.0,0.0,0.0,0.0,1.0,1.0,0.0
Case_4_2_The_Secret_Project,PCBT,IMPLICIT,Task_094,1.0,1.0,1.0,1.0,2.0,1.0,2.0,0.0,0.0,0.0,0.0,1.0,0.0,0.0,0.0,0.0,0.0,0.0,0.0,1.0,1.0
Case_4_2_The_Secret_Project,PCBT,IMPLICIT,Task_095,1.0,1.0,1.0,1.0,1.0,1.0,1.0,0.0,0.0,0.0,0.0,2.0,0.0,0.0,0.0,0.0,0.0,0.0,0.0,1.0,0.0
Case_4_2_The_Secret_Project,PCBT,IMPLICIT,Task_096,1.0,1.0,1.0,1.0,1.0,1.0,1.0,0.0,0.0,0.0,0.0,0.0,0.0,0.0,0.0,0.0,0.0,0.0,0.0,1.0,1.0
Case_4_2_The_Secret_Project,PCBT,IMPLICIT,Task_097,1.0,1.0,1.0,1.0,1.0,1.0,1.0,0.0,0.0,0.0,0.0,0.0,0.0,0.0,0.0,0.0,0.0,0.0,0.0,1.0,1.0
Case_4_2_The_Secret_Project,PCBT,IMPLICIT,Task_098,1.0,1.0,1.0,1.0,1.0,0.0,1.0,1.0,1.0,0.0,0.0,0.0,0.0,0.0,0.0,0.0,0.0,0.0,0.0,1.0,0.0
Case_4_2_The_Secret_Project,PCBT,IMPLICIT,Task_099,1.0,1.0,1.0,1.0,1.0,1.0,0.0,0.0,0.0,0.0,0.0,0.0,0.0,0.0,0.0,0.0,0.0,0.0,0.0,1.0,0.0
Case_4_2_The_Secret_Project,PCBT,IMPLICIT,Task_100,1.0,1.0,1.0,1.0,1.0,1.0,1.0,1.0,0.0,0.0,0.0,2.0,2.0,0.0,0.0,0.0,0.0,0.0,0.0,0.0,1.0
Case_4_2_The_Secret_Project,PCBT,IMPLICIT,Task_101,1.0,1.0,1.0,1.0,1.0,0.0,1.0,0.0,0.0,0.0,0.0,0.0,1.0,0.0,0.0,0.0,0.0,0.0,0.0,0.0,0.0
Case_4_2_The_Secret_Project,PCBT,IMPLICIT,Task_102,1.0,1.0,1.0,1.0,1.0,0.0,0.0,0.0,0.0,0.0,2.0,0.0,0.0,0.0,0.0,0.0,0.0,0.0,0.0,1.0,0.0
Case_4_2_The_Secret_Project,PCBT,IMPLICIT,Task_103,1.0,1.0,1.0,1.0,1.0,1.0,0.0,0.0,0.0,0.0,0.0,0.0,1.0,0.0,0.0,0.0,0.0,0.0,0.0,1.0,0.0
Case_4_2_The_Secret_Project,PCBT,IMPLICIT,Task_104,1.0,1.0,1.0,1.0,1.0,1.0,1.0,0.0,0.0,0.0,0.0,0.0,2.0,0.0,0.0,0.0,0.0,0.0,0.0,1.0,1.0
Case_4_2_The_Secret_Project,PCBT,IMPLICIT,Task_105,1.0,1.0,1.0,1.0,1.0,1.0,1.0,2.0,1.0,2.0,0.0,0.0,2.0,0.0,2.0,0.0,0.0,0.0,0.0,0.0,0.0
Case_4_2_The_Secret_Project,PCBT,IMPLICIT,Task_106,1.0,1.0,1.0,1.0,1.0,1.0,1.0,0.0,0.0,0.0,0.0,0.0,1.0,0.0,0.0,0.0,0.0,0.0,1.0,1.0,1.0
Case_4_2_The_Secret_Project,PCBT,IMPLICIT,Task_107,1.0,1.0,1.0,1.0,1.0,1.0,0.0,0.0,0.0,0.0,0.0,0.0,0.0,0.0,0.0,0.0,0.0,0.0,1.0,1.0,1.0
Case_4_2_The_Secret_Project,PCBT,IMPLICIT,Task_108,1.0,1.0,0.0,1.0,1.0,1.0,1.0,0.0,2.0,0.0,0.0,0.0,0.0,0.0,0.0,0.0,0.0,0.0,0.0,1.0,0.0
Case_4_2_The_Secret_Project,PCBT,IMPLICIT,Task_109,1.0,1.0,1.0,1.0,1.0,1.0,1.0,0.0,0.0,0.0,0.0,2.0,0.0,0.0,0.0,0.0,0.0,0.0,0.0,0.0,1.0
Case_4_2_The_Secret_Project,PCBT,IMPLICIT,Task_110,1.0,1.0,0.0,1.0,1.0,0.0,1.0,0.0,0.0,0.0,0.0,0.0,0.0,0.0,0.0,0.0,0.0,0.0,0.0,1.0,0.0
Case_4_2_The_Secret_Project,PCBT,IMPLICIT,Task_111,1.0,1.0,1.0,1.0,1.0,1.0,1.0,0.0,1.0,0.0,0.0,0.0,2.0,0.0,0.0,0.0,0.0,0.0,0.0,1.0,0.0
Case_4_2_The_Secret_Project,PCBT,IMPLICIT,Task_112,1.0,1.0,1.0,1.0,1.0,2.0,2.0,0.0,0.0,2.0,0.0,2.0,0.0,0.0,0.0,0.0,0.0,0.0,0.0,1.0,0.0
Case_4_2_The_Secret_Project,PCBT,IMPLICIT,Task_113,1.0,1.0,1.0,1.0,1.0,1.0,0.0,0.0,0.0,0.0,0.0,1.0,0.0,0.0,0.0,0.0,0.0,0.0,1.0,1.0,1.0
Case_4_2_The_Secret_Project,PCBT,IMPLICIT,Task_114,1.0,1.0,1.0,1.0,1.0,1.0,0.0,0.0,0.0,0.0,0.0,0.0,0.0,0.0,0.0,0.0,0.0,0.0,1.0,1.0,1.0
Case_4_2_The_Secret_Project,PCBT,IMPLICIT,Task_115,1.0,1.0,1.0,1.0,1.0,1.0,0.0,0.0,0.0,0.0,0.0,0.0,0.0,0.0,0.0,0.0,0.0,0.0,1.0,1.0,1.0
Case_4_2_The_Secret_Project,PCBT,IMPLICIT,Task_116,1.0,1.0,1.0,1.0,1.0,1.0,0.0,0.0,0.0,0.0,0.0,2.0,0.0,0.0,0.0,0.0,0.0,0.0,0.0,1.0,1.0
Case_4_2_The_Secret_Project,PCBT,IMPLICIT,Task_117,1.0,1.0,1.0,1.0,1.0,1.0,1.0,0.0,0.0,0.0,0.0,0.0,0.0,0.0,0.0,0.0,0.0,0.0,0.0,1.0,1.0
Case_4_2_The_Secret_Project,PCBT,IMPLICIT,Task_118,1.0,1.0,1.0,1.0,1.0,1.0,1.0,0.0,0.0,0.0,0.0,0.0,0.0,0.0,0.0,0.0,0.0,0.0,1.0,1.0,0.0
Case_4_2_The_Secret_Project,PCBT,IMPLICIT,Task_119,1.0,1.0,1.0,1.0,1.0,1.0,1.0,0.0,0.0,0.0,0.0,2.0,0.0,0.0,0.0,0.0,0.0,0.0,0.0,1.0,1.0
Case_4_2_The_Secret_Project,PCBT,IMPLICIT,Task_120,1.0,1.0,1.0,1.0,1.0,1.0,0.0,0.0,0.0,0.0,0.0,0.0,0.0,0.0,0.0,0.0,0.0,0.0,1.0,0.0,0.0
Case_5_1_The_Messianic_Union,CONTROL,EXPLICIT,Task_001,2.0,1.0,2.0,2.0,2.0,2.0,1.0,1.0,2.0,2.0,2.0,2.0,1.0,2.0,2.0,0.0,0.0,0.0,0.0,0.0,0.0
Case_5_1_The_Messianic_Union,CONTROL,EXPLICIT,Task_002,2.0,2.0,2.0,2.0,2.0,2.0,1.0,2.0,2.0,2.0,2.0,2.0,1.0,2.0,2.0,0.0,0.0,0.0,0.0,0.0,0.0
Case_5_1_The_Messianic_Union,CONTROL,EXPLICIT,Task_003,2.0,2.0,2.0,2.0,2.0,1.0,1.0,1.0,2.0,2.0,2.0,2.0,2.0,1.0,2.0,0.0,0.0,0.0,0.0,0.0,0.0
Case_5_1_The_Messianic_Union,CONTROL,EXPLICIT,Task_004,2.0,2.0,2.0,2.0,2.0,2.0,1.0,2.0,2.0,2.0,2.0,2.0,1.0,2.0,2.0,0.0,0.0,0.0,0.0,0.0,0.0
Case_5_1_The_Messianic_Union,CONTROL,EXPLICIT,Task_005,2.0,2.0,2.0,2.0,2.0,1.0,0.0,2.0,2.0,2.0,2.0,2.0,0.0,1.0,2.0,0.0,0.0,0.0,0.0,0.0,0.0
Case_5_1_The_Messianic_Union,CONTROL,EXPLICIT,Task_006,2.0,2.0,2.0,2.0,1.0,2.0,0.0,1.0,2.0,2.0,2.0,2.0,0.0,0.0,2.0,0.0,0.0,0.0,0.0,0.0,0.0
Case_5_1_The_Messianic_Union,CONTROL,EXPLICIT,Task_007,2.0,2.0,2.0,2.0,2.0,2.0,2.0,2.0,2.0,2.0,2.0,2.0,0.0,1.0,2.0,0.0,0.0,0.0,0.0,0.0,0.0
Case_5_1_The_Messianic_Union,CONTROL,EXPLICIT,Task_008,2.0,2.0,2.0,2.0,1.0,2.0,2.0,1.0,2.0,1.0,2.0,2.0,1.0,1.0,2.0,0.0,0.0,0.0,0.0,0.0,0.0
Case_5_1_The_Messianic_Union,CONTROL,EXPLICIT,Task_009,2.0,2.0,2.0,2.0,2.0,2.0,1.0,2.0,2.0,2.0,2.0,2.0,1.0,2.0,2.0,0.0,0.0,0.0,0.0,0.0,0.0
Case_5_1_The_Messianic_Union,CONTROL,EXPLICIT,Task_010,2.0,2.0,2.0,2.0,1.0,2.0,0.0,1.0,2.0,2.0,1.0,2.0,0.0,1.0,2.0,0.0,0.0,0.0,0.0,0.0,0.0
Case_5_1_The_Messianic_Union,CONTROL,EXPLICIT,Task_011,2.0,2.0,2.0,2.0,1.0,2.0,0.0,1.0,2.0,2.0,2.0,2.0,1.0,1.0,2.0,0.0,0.0,0.0,0.0,0.0,0.0
Case_5_1_The_Messianic_Union,CONTROL,EXPLICIT,Task_012,2.0,2.0,2.0,2.0,1.0,2.0,1.0,1.0,2.0,2.0,2.0,2.0,2.0,0.0,2.0,0.0,0.0,0.0,0.0,0.0,0.0
Case_5_1_The_Messianic_Union,CONTROL,EXPLICIT,Task_013,2.0,2.0,2.0,2.0,1.0,2.0,1.0,2.0,2.0,2.0,2.0,2.0,1.0,1.0,2.0,0.0,0.0,0.0,0.0,0.0,0.0
Case_5_1_The_Messianic_Union,CONTROL,EXPLICIT,Task_014,2.0,2.0,2.0,2.0,2.0,2.0,0.0,1.0,2.0,2.0,2.0,2.0,1.0,0.0,2.0,0.0,0.0,0.0,0.0,0.0,0.0
Case_5_1_The_Messianic_Union,CONTROL,EXPLICIT,Task_015,2.0,2.0,2.0,2.0,2.0,2.0,1.0,2.0,2.0,1.0,1.0,2.0,1.0,0.0,2.0,0.0,0.0,0.0,0.0,0.0,0.0
Case_5_1_The_Messianic_Union,CONTROL,EXPLICIT,Task_016,2.0,2.0,2.0,2.0,2.0,2.0,0.0,1.0,2.0,2.0,2.0,2.0,0.0,1.0,2.0,0.0,0.0,0.0,0.0,0.0,0.0
Case_5_1_The_Messianic_Union,CONTROL,EXPLICIT,Task_017,2.0,2.0,2.0,2.0,2.0,2.0,2.0,2.0,2.0,2.0,2.0,2.0,1.0,2.0,2.0,0.0,0.0,0.0,0.0,0.0,0.0
Case_5_1_The_Messianic_Union,CONTROL,EXPLICIT,Task_018,2.0,2.0,2.0,2.0,2.0,2.0,0.0,1.0,2.0,2.0,1.0,2.0,0.0,1.0,2.0,0.0,0.0,0.0,0.0,0.0,0.0
Case_5_1_The_Messianic_Union,CONTROL,EXPLICIT,Task_019,2.0,2.0,2.0,2.0,1.0,2.0,1.0,1.0,2.0,2.0,2.0,2.0,0.0,1.0,2.0,0.0,0.0,0.0,0.0,0.0,0.0
Case_5_1_The_Messianic_Union,CONTROL,EXPLICIT,Task_020,2.0,2.0,2.0,2.0,2.0,2.0,1.0,1.0,2.0,0.0,2.0,2.0,1.0,1.0,2.0,0.0,0.0,0.0,0.0,0.0,0.0
Case_5_1_The_Messianic_Union,CONTROL,EXPLICIT,Task_021,2.0,2.0,2.0,2.0,2.0,2.0,1.0,2.0,2.0,2.0,1.0,2.0,0.0,1.0,2.0,0.0,0.0,0.0,0.0,0.0,0.0
Case_5_1_The_Messianic_Union,CONTROL,EXPLICIT,Task_022,2.0,2.0,2.0,2.0,2.0,2.0,1.0,1.0,2.0,2.0,2.0,2.0,0.0,1.0,2.0,0.0,0.0,0.0,0.0,0.0,0.0
Case_5_1_The_Messianic_Union,CONTROL,EXPLICIT,Task_023,2.0,2.0,2.0,2.0,2.0,2.0,1.0,1.0,2.0,2.0,2.0,2.0,0.0,1.0,2.0,0.0,0.0,0.0,0.0,0.0,0.0
Case_5_1_The_Messianic_Union,CONTROL,EXPLICIT,Task_024,2.0,2.0,2.0,2.0,1.0,2.0,1.0,1.0,2.0,2.0,1.0,2.0,1.0,2.0,2.0,0.0,0.0,0.0,0.0,0.0,0.0
Case_5_1_The_Messianic_Union,CONTROL,EXPLICIT,Task_025,2.0,2.0,2.0,2.0,2.0,2.0,1.0,2.0,2.0,2.0,1.0,2.0,0.0,2.0,2.0,0.0,0.0,0.0,0.0,0.0,0.0
Case_5_1_The_Messianic_Union,CONTROL,EXPLICIT,Task_026,2.0,2.0,2.0,2.0,2.0,2.0,0.0,1.0,2.0,2.0,1.0,2.0,0.0,1.0,2.0,0.0,0.0,0.0,1.0,0.0,0.0
Case_5_1_The_Messianic_Union,CONTROL,EXPLICIT,Task_027,2.0,2.0,2.0,2.0,2.0,2.0,2.0,2.0,2.0,2.0,2.0,2.0,2.0,2.0,2.0,0.0,0.0,0.0,0.0,0.0,0.0
Case_5_1_The_Messianic_Union,CONTROL,EXPLICIT,Task_028,2.0,2.0,2.0,2.0,2.0,2.0,1.0,2.0,2.0,2.0,2.0,2.0,0.0,2.0,2.0,0.0,0.0,0.0,0.0,0.0,0.0
Case_5_1_The_Messianic_Union,CONTROL,EXPLICIT,Task_029,2.0,2.0,2.0,2.0,2.0,2.0,1.0,1.0,2.0,2.0,2.0,2.0,0.0,1.0,2.0,0.0,0.0,0.0,0.0,0.0,0.0
Case_5_1_The_Messianic_Union,CONTROL,EXPLICIT,Task_030,2.0,2.0,2.0,2.0,2.0,2.0,1.0,1.0,2.0,2.0,1.0,2.0,0.0,0.0,2.0,0.0,0.0,0.0,0.0,0.0,0.0
Case_5_1_The_Messianic_Union,PCBT,EXPLICIT,Task_031,1.0,1.0,1.0,1.0,1.0,1.0,0.0,1.0,0.0,1.0,2.0,0.0,0.0,0.0,0.0,0.0,0.0,0.0,0.0,0.0,0.0
Case_5_1_The_Messianic_Union,PCBT,EXPLICIT,Task_032,0.0,1.0,1.0,1.0,1.0,1.0,0.0,1.0,2.0,0.0,1.0,0.0,0.0,0.0,0.0,0.0,0.0,0.0,0.0,0.0,1.0
Case_5_1_The_Messianic_Union,PCBT,EXPLICIT,Task_033,1.0,1.0,1.0,1.0,1.0,1.0,1.0,1.0,0.0,1.0,0.0,1.0,1.0,2.0,0.0,0.0,0.0,0.0,0.0,0.0,0.0
Case_5_1_The_Messianic_Union,PCBT,EXPLICIT,Task_034,0.0,0.0,0.0,1.0,0.0,0.0,0.0,0.0,0.0,1.0,0.0,0.0,0.0,0.0,0.0,0.0,0.0,0.0,0.0,0.0,0.0
Case_5_1_The_Messianic_Union,PCBT,EXPLICIT,Task_035,0.0,0.0,0.0,0.0,0.0,0.0,0.0,0.0,0.0,0.0,0.0,2.0,0.0,0.0,0.0,0.0,0.0,0.0,0.0,0.0,0.0
Case_5_1_The_Messianic_Union,PCBT,EXPLICIT,Task_036,0.0,0.0,0.0,1.0,0.0,1.0,1.0,1.0,0.0,1.0,1.0,0.0,0.0,0.0,0.0,0.0,0.0,0.0,0.0,0.0,0.0
Case_5_1_The_Messianic_Union,PCBT,EXPLICIT,Task_037,0.0,0.0,0.0,0.0,0.0,0.0,0.0,0.0,0.0,0.0,0.0,0.0,0.0,0.0,0.0,0.0,0.0,0.0,0.0,0.0,0.0
Case_5_1_The_Messianic_Union,PCBT,EXPLICIT,Task_038,0.0,0.0,0.0,0.0,0.0,1.0,0.0,0.0,0.0,1.0,0.0,1.0,0.0,2.0,0.0,0.0,0.0,0.0,0.0,0.0,0.0
Case_5_1_The_Messianic_Union,PCBT,EXPLICIT,Task_039,1.0,1.0,1.0,1.0,1.0,1.0,0.0,1.0,2.0,1.0,1.0,2.0,2.0,0.0,0.0,0.0,0.0,0.0,0.0,0.0,0.0
Case_5_1_The_Messianic_Union,PCBT,EXPLICIT,Task_040,0.0,0.0,0.0,0.0,0.0,0.0,0.0,0.0,0.0,0.0,1.0,2.0,0.0,0.0,0.0,0.0,0.0,0.0,0.0,0.0,0.0
Case_5_1_The_Messianic_Union,PCBT,EXPLICIT,Task_041,0.0,0.0,0.0,0.0,0.0,0.0,0.0,0.0,0.0,1.0,0.0,0.0,1.0,0.0,0.0,0.0,0.0,0.0,0.0,0.0,0.0
Case_5_1_The_Messianic_Union,PCBT,EXPLICIT,Task_042,0.0,0.0,0.0,0.0,0.0,0.0,0.0,0.0,0.0,1.0,0.0,0.0,0.0,0.0,0.0,0.0,0.0,0.0,0.0,0.0,0.0
Case_5_1_The_Messianic_Union,PCBT,EXPLICIT,Task_043,0.0,0.0,1.0,1.0,0.0,1.0,1.0,1.0,0.0,1.0,1.0,0.0,1.0,1.0,0.0,0.0,0.0,0.0,0.0,0.0,0.0
Case_5_1_The_Messianic_Union,PCBT,EXPLICIT,Task_044,0.0,0.0,0.0,0.0,0.0,0.0,0.0,0.0,0.0,0.0,0.0,0.0,1.0,0.0,0.0,0.0,0.0,0.0,0.0,0.0,0.0
Case_5_1_The_Messianic_Union,PCBT,EXPLICIT,Task_045,1.0,1.0,1.0,1.0,1.0,1.0,1.0,1.0,0.0,1.0,1.0,1.0,1.0,1.0,2.0,0.0,0.0,0.0,0.0,0.0,0.0
Case_5_1_The_Messianic_Union,PCBT,EXPLICIT,Task_046,0.0,0.0,0.0,0.0,0.0,0.0,0.0,0.0,0.0,0.0,0.0,0.0,0.0,0.0,0.0,0.0,0.0,0.0,0.0,0.0,0.0
Case_5_1_The_Messianic_Union,PCBT,EXPLICIT,Task_047,0.0,0.0,1.0,0.0,0.0,0.0,0.0,0.0,0.0,0.0,0.0,1.0,0.0,0.0,0.0,0.0,0.0,0.0,0.0,0.0,0.0
Case_5_1_The_Messianic_Union,PCBT,EXPLICIT,Task_048,0.0,0.0,0.0,1.0,0.0,1.0,0.0,1.0,0.0,0.0,0.0,0.0,0.0,0.0,0.0,0.0,0.0,0.0,0.0,0.0,0.0
Case_5_1_The_Messianic_Union,PCBT,EXPLICIT,Task_049,0.0,0.0,0.0,1.0,0.0,0.0,0.0,0.0,0.0,2.0,1.0,1.0,0.0,0.0,0.0,0.0,0.0,0.0,0.0,0.0,0.0
Case_5_1_The_Messianic_Union,PCBT,EXPLICIT,Task_050,1.0,0.0,1.0,0.0,0.0,1.0,0.0,0.0,0.0,1.0,0.0,0.0,0.0,0.0,0.0,0.0,0.0,0.0,0.0,0.0,0.0
Case_5_1_The_Messianic_Union,PCBT,EXPLICIT,Task_051,0.0,0.0,0.0,0.0,0.0,0.0,0.0,1.0,2.0,0.0,0.0,1.0,0.0,0.0,0.0,0.0,0.0,0.0,0.0,0.0,0.0
Case_5_1_The_Messianic_Union,PCBT,EXPLICIT,Task_052,0.0,1.0,1.0,1.0,1.0,1.0,2.0,1.0,1.0,0.0,0.0,2.0,2.0,0.0,0.0,0.0,0.0,0.0,0.0,0.0,0.0
Case_5_1_The_Messianic_Union,PCBT,EXPLICIT,Task_053,0.0,0.0,0.0,0.0,0.0,0.0,0.0,0.0,0.0,1.0,0.0,1.0,2.0,0.0,0.0,0.0,0.0,0.0,0.0,0.0,0.0
Case_5_1_The_Messianic_Union,PCBT,EXPLICIT,Task_054,0.0,0.0,0.0,0.0,0.0,1.0,0.0,0.0,1.0,1.0,0.0,0.0,0.0,0.0,0.0,0.0,0.0,0.0,0.0,0.0,0.0
Case_5_1_The_Messianic_Union,PCBT,EXPLICIT,Task_055,1.0,0.0,0.0,1.0,1.0,1.0,0.0,1.0,0.0,1.0,0.0,0.0,0.0,0.0,0.0,0.0,0.0,0.0,0.0,0.0,0.0
Case_5_1_The_Messianic_Union,PCBT,EXPLICIT,Task_056,0.0,0.0,1.0,1.0,0.0,1.0,1.0,0.0,0.0,1.0,0.0,0.0,0.0,0.0,0.0,0.0,0.0,0.0,0.0,0.0,0.0
Case_5_1_The_Messianic_Union,PCBT,EXPLICIT,Task_057,0.0,0.0,0.0,0.0,0.0,0.0,0.0,0.0,0.0,0.0,1.0,0.0,1.0,0.0,0.0,0.0,0.0,0.0,0.0,0.0,0.0
Case_5_1_The_Messianic_Union,PCBT,EXPLICIT,Task_058,0.0,0.0,0.0,0.0,1.0,0.0,1.0,1.0,0.0,0.0,0.0,0.0,0.0,0.0,0.0,0.0,0.0,0.0,0.0,0.0,0.0
Case_5_1_The_Messianic_Union,PCBT,EXPLICIT,Task_059,0.0,0.0,1.0,1.0,0.0,0.0,0.0,0.0,0.0,2.0,2.0,0.0,2.0,1.0,0.0,0.0,0.0,0.0,0.0,0.0,0.0
Case_5_1_The_Messianic_Union,PCBT,EXPLICIT,Task_060,0.0,1.0,0.0,0.0,1.0,0.0,0.0,2.0,0.0,0.0,0.0,0.0,0.0,0.0,0.0,0.0,0.0,0.0,0.0,0.0,0.0
Case_5_2_The_Messianic_Union,CONTROL,IMPLICIT,Task_061,2.0,2.0,1.0,2.0,1.0,2.0,1.0,2.0,1.0,2.0,2.0,2.0,2.0,2.0,2.0,0.0,0.0,0.0,0.0,0.0,0.0
Case_5_2_The_Messianic_Union,CONTROL,IMPLICIT,Task_062,2.0,2.0,2.0,1.0,2.0,1.0,1.0,1.0,2.0,2.0,2.0,2.0,2.0,2.0,2.0,0.0,0.0,0.0,0.0,0.0,0.0
Case_5_2_The_Messianic_Union,CONTROL,IMPLICIT,Task_063,1.0,2.0,1.0,2.0,1.0,1.0,1.0,1.0,2.0,2.0,2.0,2.0,0.0,2.0,2.0,0.0,0.0,0.0,0.0,0.0,0.0
Case_5_2_The_Messianic_Union,CONTROL,IMPLICIT,Task_064,1.0,2.0,1.0,2.0,1.0,1.0,1.0,1.0,2.0,2.0,2.0,0.0,2.0,2.0,2.0,0.0,0.0,0.0,1.0,0.0,0.0
Case_5_2_The_Messianic_Union,CONTROL,IMPLICIT,Task_065,1.0,2.0,2.0,1.0,1.0,1.0,1.0,2.0,2.0,2.0,2.0,2.0,2.0,2.0,1.0,0.0,0.0,0.0,0.0,0.0,0.0
Case_5_2_The_Messianic_Union,CONTROL,IMPLICIT,Task_066,1.0,2.0,2.0,2.0,1.0,1.0,2.0,1.0,1.0,2.0,2.0,2.0,2.0,2.0,2.0,0.0,0.0,0.0,0.0,0.0,0.0
Case_5_2_The_Messianic_Union,CONTROL,IMPLICIT,Task_067,1.0,1.0,1.0,1.0,1.0,1.0,1.0,1.0,1.0,2.0,2.0,2.0,2.0,2.0,2.0,0.0,0.0,0.0,0.0,0.0,0.0
Case_5_2_The_Messianic_Union,CONTROL,IMPLICIT,Task_068,2.0,2.0,2.0,1.0,1.0,2.0,1.0,1.0,2.0,2.0,2.0,2.0,2.0,2.0,2.0,0.0,0.0,0.0,0.0,0.0,0.0
Case_5_2_The_Messianic_Union,CONTROL,IMPLICIT,Task_069,2.0,2.0,1.0,1.0,1.0,2.0,1.0,1.0,1.0,2.0,2.0,1.0,2.0,0.0,2.0,0.0,0.0,0.0,0.0,0.0,0.0
Case_5_2_The_Messianic_Union,CONTROL,IMPLICIT,Task_070,2.0,2.0,1.0,2.0,1.0,1.0,2.0,1.0,2.0,2.0,2.0,2.0,2.0,2.0,2.0,0.0,0.0,0.0,0.0,0.0,0.0
Case_5_2_The_Messianic_Union,CONTROL,IMPLICIT,Task_071,2.0,2.0,2.0,1.0,2.0,1.0,1.0,1.0,2.0,2.0,2.0,2.0,2.0,2.0,2.0,0.0,0.0,0.0,0.0,0.0,0.0
Case_5_2_The_Messianic_Union,CONTROL,IMPLICIT,Task_072,1.0,2.0,2.0,1.0,1.0,2.0,1.0,2.0,2.0,2.0,2.0,2.0,1.0,0.0,2.0,0.0,0.0,0.0,0.0,0.0,0.0
Case_5_2_The_Messianic_Union,CONTROL,IMPLICIT,Task_073,1.0,2.0,2.0,1.0,1.0,2.0,1.0,1.0,2.0,1.0,2.0,2.0,2.0,2.0,0.0,0.0,0.0,0.0,0.0,0.0,0.0
Case_5_2_The_Messianic_Union,CONTROL,IMPLICIT,Task_074,2.0,2.0,2.0,2.0,1.0,2.0,2.0,2.0,2.0,2.0,2.0,2.0,0.0,2.0,2.0,0.0,0.0,0.0,0.0,0.0,0.0
Case_5_2_The_Messianic_Union,CONTROL,IMPLICIT,Task_075,2.0,2.0,1.0,1.0,1.0,1.0,1.0,1.0,2.0,2.0,2.0,2.0,2.0,2.0,0.0,0.0,0.0,0.0,0.0,0.0,0.0
Case_5_2_The_Messianic_Union,CONTROL,IMPLICIT,Task_076,1.0,2.0,2.0,1.0,1.0,1.0,2.0,1.0,2.0,2.0,2.0,1.0,2.0,2.0,2.0,0.0,0.0,0.0,0.0,0.0,0.0
Case_5_2_The_Messianic_Union,CONTROL,IMPLICIT,Task_077,1.0,2.0,2.0,1.0,1.0,2.0,2.0,1.0,2.0,2.0,2.0,2.0,2.0,2.0,2.0,0.0,0.0,0.0,0.0,0.0,0.0
Case_5_2_The_Messianic_Union,CONTROL,IMPLICIT,Task_078,2.0,2.0,1.0,2.0,1.0,1.0,2.0,1.0,2.0,2.0,2.0,1.0,2.0,2.0,2.0,0.0,0.0,0.0,0.0,0.0,0.0
Case_5_2_The_Messianic_Union,CONTROL,IMPLICIT,Task_079,2.0,2.0,2.0,1.0,1.0,1.0,1.0,1.0,1.0,2.0,2.0,2.0,2.0,2.0,2.0,0.0,0.0,0.0,0.0,0.0,0.0
Case_5_2_The_Messianic_Union,CONTROL,IMPLICIT,Task_080,2.0,2.0,2.0,2.0,2.0,2.0,1.0,1.0,1.0,2.0,2.0,2.0,2.0,2.0,2.0,0.0,0.0,0.0,0.0,0.0,0.0
Case_5_2_The_Messianic_Union,CONTROL,IMPLICIT,Task_081,2.0,2.0,1.0,1.0,1.0,2.0,1.0,1.0,2.0,2.0,2.0,2.0,2.0,2.0,2.0,0.0,0.0,0.0,0.0,0.0,0.0
Case_5_2_The_Messianic_Union,CONTROL,IMPLICIT,Task_082,1.0,2.0,2.0,1.0,2.0,1.0,1.0,1.0,2.0,2.0,1.0,2.0,2.0,2.0,2.0,0.0,0.0,0.0,0.0,0.0,0.0
Case_5_2_The_Messianic_Union,CONTROL,IMPLICIT,Task_083,2.0,2.0,2.0,1.0,1.0,1.0,1.0,1.0,2.0,2.0,2.0,2.0,2.0,2.0,2.0,0.0,0.0,0.0,0.0,0.0,0.0
Case_5_2_The_Messianic_Union,CONTROL,IMPLICIT,Task_084,2.0,2.0,2.0,2.0,2.0,2.0,1.0,2.0,2.0,2.0,2.0,2.0,2.0,2.0,2.0,0.0,0.0,0.0,0.0,0.0,0.0
Case_5_2_The_Messianic_Union,CONTROL,IMPLICIT,Task_085,1.0,1.0,2.0,1.0,1.0,1.0,1.0,2.0,2.0,2.0,0.0,2.0,2.0,2.0,2.0,0.0,0.0,0.0,0.0,0.0,0.0
Case_5_2_The_Messianic_Union,CONTROL,IMPLICIT,Task_086,1.0,2.0,2.0,2.0,1.0,2.0,2.0,1.0,2.0,2.0,2.0,2.0,2.0,2.0,2.0,0.0,0.0,0.0,0.0,0.0,0.0
Case_5_2_The_Messianic_Union,CONTROL,IMPLICIT,Task_087,1.0,2.0,1.0,1.0,1.0,1.0,2.0,2.0,2.0,2.0,2.0,2.0,2.0,2.0,2.0,0.0,0.0,0.0,0.0,0.0,0.0
Case_5_2_The_Messianic_Union,CONTROL,IMPLICIT,Task_088,2.0,1.0,1.0,1.0,1.0,2.0,1.0,1.0,2.0,2.0,2.0,2.0,2.0,2.0,2.0,0.0,0.0,0.0,0.0,0.0,0.0
Case_5_2_The_Messianic_Union,CONTROL,IMPLICIT,Task_089,1.0,2.0,1.0,2.0,1.0,1.0,1.0,1.0,1.0,2.0,2.0,1.0,2.0,2.0,0.0,0.0,0.0,0.0,0.0,0.0,0.0
Case_5_2_The_Messianic_Union,CONTROL,IMPLICIT,Task_090,1.0,2.0,2.0,1.0,1.0,1.0,1.0,1.0,2.0,2.0,2.0,2.0,2.0,2.0,0.0,0.0,0.0,0.0,0.0,0.0,0.0
Case_5_2_The_Messianic_Union,PCBT,IMPLICIT,Task_091,1.0,1.0,1.0,1.0,1.0,2.0,2.0,2.0,2.0,1.0,1.0,2.0,2.0,1.0,2.0,0.0,0.0,0.0,0.0,0.0,0.0
Case_5_2_The_Messianic_Union,PCBT,IMPLICIT,Task_092,1.0,2.0,1.0,1.0,1.0,2.0,2.0,2.0,2.0,2.0,1.0,2.0,1.0,1.0,2.0,0.0,0.0,0.0,0.0,0.0,0.0
Case_5_2_The_Messianic_Union,PCBT,IMPLICIT,Task_093,1.0,1.0,1.0,1.0,1.0,1.0,1.0,1.0,2.0,1.0,1.0,1.0,1.0,1.0,2.0,0.0,0.0,0.0,0.0,0.0,0.0
Case_5_2_The_Messianic_Union,PCBT,IMPLICIT,Task_094,1.0,1.0,1.0,1.0,1.0,1.0,2.0,1.0,2.0,1.0,2.0,1.0,2.0,2.0,1.0,0.0,0.0,0.0,0.0,0.0,0.0
Case_5_2_The_Messianic_Union,PCBT,IMPLICIT,Task_095,0.0,1.0,1.0,1.0,1.0,1.0,1.0,1.0,1.0,1.0,1.0,1.0,1.0,1.0,0.0,0.0,0.0,0.0,0.0,0.0,0.0
Case_5_2_The_Messianic_Union,PCBT,IMPLICIT,Task_096,1.0,1.0,1.0,1.0,0.0,1.0,1.0,1.0,1.0,1.0,0.0,1.0,2.0,0.0,1.0,0.0,0.0,0.0,0.0,0.0,0.0
Case_5_2_The_Messianic_Union,PCBT,IMPLICIT,Task_097,1.0,1.0,1.0,1.0,2.0,1.0,1.0,1.0,1.0,0.0,1.0,2.0,1.0,2.0,1.0,0.0,0.0,0.0,0.0,0.0,0.0
Case_5_2_The_Messianic_Union,PCBT,IMPLICIT,Task_098,1.0,1.0,1.0,1.0,1.0,1.0,1.0,1.0,1.0,0.0,1.0,2.0,2.0,2.0,1.0,0.0,0.0,0.0,0.0,0.0,0.0
Case_5_2_The_Messianic_Union,PCBT,IMPLICIT,Task_099,1.0,1.0,1.0,1.0,1.0,1.0,1.0,1.0,1.0,1.0,2.0,1.0,1.0,1.0,1.0,0.0,0.0,0.0,0.0,0.0,0.0
Case_5_2_The_Messianic_Union,PCBT,IMPLICIT,Task_100,1.0,1.0,1.0,0.0,1.0,1.0,1.0,1.0,1.0,1.0,0.0,2.0,1.0,1.0,1.0,0.0,0.0,0.0,0.0,0.0,0.0
Case_5_2_The_Messianic_Union,PCBT,IMPLICIT,Task_101,1.0,1.0,1.0,1.0,1.0,2.0,2.0,2.0,2.0,1.0,1.0,2.0,1.0,2.0,1.0,0.0,0.0,0.0,0.0,0.0,0.0
Case_5_2_The_Messianic_Union,PCBT,IMPLICIT,Task_102,0.0,1.0,0.0,1.0,0.0,1.0,1.0,1.0,1.0,0.0,1.0,0.0,0.0,0.0,0.0,0.0,0.0,0.0,0.0,0.0,0.0
Case_5_2_The_Messianic_Union,PCBT,IMPLICIT,Task_103,1.0,1.0,1.0,1.0,1.0,1.0,1.0,2.0,2.0,2.0,2.0,2.0,2.0,2.0,2.0,0.0,0.0,0.0,0.0,0.0,0.0
Case_5_2_The_Messianic_Union,PCBT,IMPLICIT,Task_104,1.0,2.0,1.0,1.0,1.0,1.0,1.0,1.0,1.0,1.0,2.0,2.0,2.0,2.0,2.0,0.0,0.0,0.0,1.0,0.0,0.0
Case_5_2_The_Messianic_Union,PCBT,IMPLICIT,Task_105,1.0,1.0,1.0,1.0,1.0,1.0,1.0,1.0,2.0,1.0,1.0,1.0,1.0,1.0,2.0,0.0,0.0,0.0,0.0,0.0,0.0
Case_5_2_The_Messianic_Union,PCBT,IMPLICIT,Task_106,1.0,1.0,1.0,1.0,1.0,1.0,1.0,1.0,1.0,2.0,1.0,2.0,1.0,1.0,0.0,0.0,0.0,0.0,0.0,0.0,0.0
Case_5_2_The_Messianic_Union,PCBT,IMPLICIT,Task_107,1.0,1.0,1.0,1.0,1.0,1.0,1.0,1.0,1.0,1.0,0.0,2.0,1.0,2.0,1.0,0.0,0.0,0.0,0.0,0.0,0.0
Case_5_2_The_Messianic_Union,PCBT,IMPLICIT,Task_108,0.0,1.0,1.0,1.0,1.0,1.0,1.0,1.0,2.0,1.0,1.0,2.0,2.0,2.0,2.0,0.0,0.0,0.0,0.0,0.0,0.0
Case_5_2_The_Messianic_Union,PCBT,IMPLICIT,Task_109,1.0,2.0,1.0,1.0,1.0,1.0,1.0,2.0,2.0,1.0,1.0,1.0,1.0,2.0,2.0,0.0,0.0,0.0,0.0,0.0,0.0
Case_5_2_The_Messianic_Union,PCBT,IMPLICIT,Task_110,2.0,1.0,1.0,1.0,1.0,1.0,1.0,1.0,1.0,0.0,0.0,1.0,1.0,1.0,1.0,0.0,0.0,0.0,0.0,0.0,0.0
Case_5_2_The_Messianic_Union,PCBT,IMPLICIT,Task_111,1.0,1.0,1.0,1.0,1.0,2.0,1.0,1.0,1.0,2.0,2.0,2.0,2.0,1.0,1.0,0.0,0.0,0.0,0.0,0.0,0.0
Case_5_2_The_Messianic_Union,PCBT,IMPLICIT,Task_112,1.0,1.0,1.0,1.0,1.0,1.0,1.0,2.0,1.0,1.0,2.0,2.0,1.0,1.0,1.0,1.0,0.0,0.0,0.0,0.0,0.0
Case_5_2_The_Messianic_Union,PCBT,IMPLICIT,Task_113,1.0,1.0,1.0,1.0,1.0,1.0,1.0,1.0,1.0,2.0,2.0,1.0,2.0,2.0,1.0,0.0,0.0,0.0,0.0,0.0,0.0
Case_5_2_The_Messianic_Union,PCBT,IMPLICIT,Task_114,1.0,1.0,1.0,1.0,1.0,1.0,1.0,1.0,2.0,1.0,1.0,1.0,1.0,2.0,1.0,0.0,0.0,0.0,0.0,0.0,0.0
Case_5_2_The_Messianic_Union,PCBT,IMPLICIT,Task_115,1.0,1.0,0.0,1.0,1.0,1.0,1.0,1.0,2.0,2.0,1.0,1.0,2.0,2.0,0.0,0.0,0.0,0.0,0.0,0.0,0.0
Case_5_2_The_Messianic_Union,PCBT,IMPLICIT,Task_116,2.0,1.0,1.0,1.0,1.0,1.0,1.0,1.0,1.0,1.0,2.0,1.0,2.0,2.0,1.0,0.0,0.0,0.0,0.0,0.0,0.0
Case_5_2_The_Messianic_Union,PCBT,IMPLICIT,Task_117,1.0,1.0,1.0,1.0,1.0,1.0,1.0,1.0,1.0,2.0,1.0,2.0,1.0,2.0,2.0,0.0,0.0,0.0,0.0,0.0,0.0
Case_5_2_The_Messianic_Union,PCBT,IMPLICIT,Task_118,1.0,1.0,1.0,1.0,1.0,1.0,1.0,1.0,2.0,1.0,2.0,1.0,2.0,2.0,1.0,0.0,0.0,0.0,0.0,0.0,0.0
Case_5_2_The_Messianic_Union,PCBT,IMPLICIT,Task_119,1.0,1.0,1.0,1.0,1.0,1.0,2.0,1.0,1.0,2.0,1.0,2.0,2.0,2.0,1.0,0.0,0.0,0.0,0.0,0.0,0.0
Case_5_2_The_Messianic_Union,PCBT,IMPLICIT,Task_120,1.0,1.0,1.0,1.0,1.0,1.0,1.0,2.0,1.0,1.0,1.0,1.0,1.0,0.0,2.0,0.0,0.0,0.0,0.0,0.0,0.0
Case_7_1_The_Unseen_Connections,CONTROL,EXPLICIT,Task_001,2.0,2.0,2.0,2.0,2.0,1.0,2.0,1.0,1.0,2.0,2.0,2.0,2.0,1.0,0.0,0.0,0.0,0.0,0.0,0.0,0.0
Case_7_1_The_Unseen_Connections,CONTROL,EXPLICIT,Task_002,2.0,2.0,2.0,2.0,1.0,2.0,2.0,1.0,2.0,2.0,2.0,2.0,2.0,2.0,1.0,0.0,0.0,0.0,0.0,0.0,0.0
Case_7_1_The_Unseen_Connections,CONTROL,EXPLICIT,Task_003,2.0,2.0,2.0,2.0,2.0,1.0,1.0,1.0,2.0,2.0,2.0,2.0,2.0,2.0,2.0,0.0,0.0,0.0,0.0,0.0,0.0
Case_7_1_The_Unseen_Connections,CONTROL,EXPLICIT,Task_004,2.0,2.0,2.0,1.0,2.0,2.0,2.0,1.0,1.0,1.0,1.0,2.0,2.0,1.0,1.0,0.0,0.0,0.0,0.0,0.0,0.0
Case_7_1_The_Unseen_Connections,CONTROL,EXPLICIT,Task_005,2.0,2.0,2.0,1.0,2.0,1.0,2.0,1.0,2.0,2.0,1.0,2.0,2.0,1.0,2.0,0.0,0.0,0.0,0.0,0.0,0.0
Case_7_1_The_Unseen_Connections,CONTROL,EXPLICIT,Task_006,2.0,2.0,1.0,1.0,2.0,2.0,2.0,2.0,2.0,0.0,1.0,2.0,2.0,1.0,2.0,0.0,0.0,0.0,0.0,0.0,0.0
Case_7_1_The_Unseen_Connections,CONTROL,EXPLICIT,Task_007,2.0,2.0,2.0,1.0,1.0,2.0,2.0,1.0,1.0,1.0,2.0,2.0,2.0,0.0,2.0,0.0,0.0,0.0,0.0,0.0,0.0
Case_7_1_The_Unseen_Connections,CONTROL,EXPLICIT,Task_008,2.0,2.0,2.0,2.0,2.0,2.0,2.0,2.0,2.0,2.0,1.0,1.0,2.0,2.0,1.0,0.0,0.0,1.0,0.0,0.0,0.0
Case_7_1_The_Unseen_Connections,CONTROL,EXPLICIT,Task_009,2.0,2.0,2.0,1.0,1.0,1.0,2.0,1.0,2.0,1.0,2.0,2.0,2.0,0.0,2.0,0.0,0.0,0.0,0.0,0.0,0.0
Case_7_1_The_Unseen_Connections,CONTROL,EXPLICIT,Task_010,2.0,2.0,2.0,2.0,2.0,2.0,2.0,2.0,2.0,2.0,2.0,2.0,2.0,1.0,1.0,0.0,0.0,0.0,0.0,0.0,0.0
Case_7_1_The_Unseen_Connections,CONTROL,EXPLICIT,Task_011,2.0,2.0,2.0,2.0,2.0,2.0,2.0,1.0,2.0,2.0,2.0,1.0,2.0,1.0,2.0,0.0,0.0,0.0,0.0,0.0,0.0
Case_7_1_The_Unseen_Connections,CONTROL,EXPLICIT,Task_012,2.0,2.0,2.0,2.0,1.0,2.0,2.0,2.0,1.0,2.0,2.0,1.0,2.0,2.0,1.0,0.0,0.0,0.0,0.0,0.0,0.0
Case_7_1_The_Unseen_Connections,CONTROL,EXPLICIT,Task_013,2.0,2.0,2.0,2.0,1.0,2.0,,2.0,2.0,2.0,1.0,2.0,2.0,1.0,2.0,0.0,0.0,0.0,0.0,0.0,0.0
Case_7_1_The_Unseen_Connections,CONTROL,EXPLICIT,Task_014,2.0,2.0,2.0,2.0,2.0,2.0,2.0,1.0,2.0,2.0,2.0,2.0,2.0,1.0,2.0,0.0,0.0,0.0,0.0,0.0,0.0
Case_7_1_The_Unseen_Connections,CONTROL,EXPLICIT,Task_015,2.0,2.0,2.0,1.0,1.0,2.0,2.0,2.0,2.0,2.0,2.0,2.0,2.0,2.0,2.0,0.0,0.0,0.0,0.0,0.0,0.0
Case_7_1_The_Unseen_Connections,CONTROL,EXPLICIT,Task_016,2.0,2.0,2.0,2.0,2.0,2.0,0.0,2.0,2.0,1.0,2.0,1.0,2.0,2.0,2.0,0.0,0.0,1.0,0.0,0.0,0.0
Case_7_1_The_Unseen_Connections,CONTROL,EXPLICIT,Task_017,2.0,2.0,2.0,2.0,2.0,2.0,2.0,2.0,2.0,2.0,1.0,2.0,2.0,2.0,2.0,0.0,0.0,0.0,0.0,0.0,0.0
Case_7_1_The_Unseen_Connections,CONTROL,EXPLICIT,Task_018,2.0,2.0,2.0,2.0,2.0,2.0,2.0,1.0,1.0,2.0,1.0,2.0,2.0,1.0,2.0,0.0,0.0,0.0,0.0,0.0,0.0
Case_7_1_The_Unseen_Connections,CONTROL,EXPLICIT,Task_019,2.0,2.0,2.0,2.0,1.0,1.0,2.0,2.0,1.0,2.0,2.0,2.0,2.0,1.0,2.0,0.0,0.0,0.0,0.0,0.0,0.0
Case_7_1_The_Unseen_Connections,CONTROL,EXPLICIT,Task_020,2.0,2.0,2.0,2.0,1.0,2.0,2.0,2.0,1.0,2.0,2.0,2.0,2.0,1.0,2.0,0.0,0.0,0.0,0.0,0.0,0.0
Case_7_1_The_Unseen_Connections,CONTROL,EXPLICIT,Task_021,2.0,2.0,2.0,2.0,1.0,2.0,2.0,1.0,1.0,2.0,2.0,2.0,2.0,0.0,2.0,0.0,0.0,0.0,0.0,0.0,0.0
Case_7_1_The_Unseen_Connections,CONTROL,EXPLICIT,Task_022,2.0,2.0,2.0,2.0,2.0,2.0,2.0,2.0,2.0,1.0,0.0,2.0,2.0,2.0,2.0,0.0,0.0,0.0,0.0,0.0,0.0
Case_7_1_The_Unseen_Connections,CONTROL,EXPLICIT,Task_023,2.0,2.0,2.0,1.0,2.0,2.0,1.0,1.0,2.0,2.0,2.0,1.0,2.0,2.0,2.0,1.0,0.0,0.0,0.0,0.0,0.0
Case_7_1_The_Unseen_Connections,CONTROL,EXPLICIT,Task_024,2.0,2.0,2.0,2.0,2.0,2.0,2.0,1.0,2.0,2.0,2.0,0.0,1.0,1.0,2.0,0.0,0.0,0.0,0.0,0.0,0.0
Case_7_1_The_Unseen_Connections,CONTROL,EXPLICIT,Task_025,2.0,2.0,2.0,2.0,2.0,2.0,2.0,1.0,1.0,2.0,2.0,2.0,2.0,1.0,2.0,0.0,0.0,1.0,0.0,0.0,0.0
Case_7_1_The_Unseen_Connections,CONTROL,EXPLICIT,Task_026,2.0,2.0,2.0,2.0,2.0,2.0,2.0,2.0,2.0,1.0,2.0,2.0,2.0,2.0,1.0,0.0,0.0,0.0,0.0,0.0,0.0
Case_7_1_The_Unseen_Connections,CONTROL,EXPLICIT,Task_027,2.0,2.0,2.0,2.0,2.0,2.0,2.0,1.0,2.0,2.0,2.0,1.0,2.0,1.0,1.0,0.0,0.0,0.0,0.0,0.0,0.0
Case_7_1_The_Unseen_Connections,CONTROL,EXPLICIT,Task_028,2.0,2.0,2.0,2.0,1.0,2.0,1.0,1.0,2.0,2.0,1.0,1.0,2.0,2.0,1.0,0.0,0.0,0.0,0.0,0.0,0.0
Case_7_1_The_Unseen_Connections,CONTROL,EXPLICIT,Task_029,2.0,2.0,2.0,2.0,2.0,2.0,2.0,2.0,2.0,1.0,1.0,2.0,2.0,2.0,2.0,0.0,0.0,1.0,1.0,0.0,0.0
Case_7_1_The_Unseen_Connections,CONTROL,EXPLICIT,Task_030,2.0,2.0,2.0,2.0,2.0,2.0,2.0,1.0,2.0,2.0,2.0,2.0,2.0,1.0,2.0,0.0,0.0,0.0,0.0,0.0,0.0
Case_7_1_The_Unseen_Connections,PCBT,EXPLICIT,Task_031,1.0,0.0,2.0,0.0,0.0,1.0,0.0,0.0,0.0,0.0,0.0,1.0,2.0,0.0,0.0,0.0,0.0,0.0,0.0,1.0,0.0
Case_7_1_The_Unseen_Connections,PCBT,EXPLICIT,Task_032,1.0,1.0,0.0,1.0,0.0,0.0,0.0,0.0,0.0,2.0,0.0,0.0,0.0,0.0,0.0,0.0,0.0,0.0,0.0,1.0,1.0
Case_7_1_The_Unseen_Connections,PCBT,EXPLICIT,Task_033,0.0,0.0,0.0,0.0,0.0,1.0,0.0,0.0,0.0,0.0,0.0,0.0,0.0,0.0,0.0,0.0,0.0,0.0,0.0,1.0,1.0
Case_7_1_The_Unseen_Connections,PCBT,EXPLICIT,Task_034,0.0,0.0,0.0,0.0,0.0,0.0,1.0,0.0,0.0,2.0,0.0,0.0,0.0,0.0,0.0,0.0,0.0,0.0,0.0,1.0,1.0
Case_7_1_The_Unseen_Connections,PCBT,EXPLICIT,Task_035,0.0,0.0,0.0,1.0,0.0,0.0,0.0,0.0,0.0,0.0,0.0,0.0,0.0,0.0,0.0,0.0,0.0,0.0,0.0,1.0,1.0
Case_7_1_The_Unseen_Connections,PCBT,EXPLICIT,Task_036,0.0,1.0,1.0,1.0,1.0,0.0,1.0,0.0,0.0,0.0,0.0,0.0,0.0,0.0,0.0,0.0,0.0,0.0,0.0,1.0,1.0
Case_7_1_The_Unseen_Connections,PCBT,EXPLICIT,Task_037,0.0,0.0,0.0,0.0,0.0,0.0,1.0,0.0,0.0,1.0,0.0,0.0,0.0,0.0,0.0,0.0,0.0,0.0,0.0,1.0,1.0
Case_7_1_The_Unseen_Connections,PCBT,EXPLICIT,Task_038,0.0,0.0,0.0,0.0,0.0,2.0,0.0,0.0,0.0,0.0,0.0,0.0,0.0,0.0,0.0,0.0,0.0,0.0,0.0,1.0,1.0
Case_7_1_The_Unseen_Connections,PCBT,EXPLICIT,Task_039,0.0,0.0,0.0,0.0,0.0,0.0,0.0,0.0,0.0,1.0,2.0,0.0,0.0,0.0,0.0,0.0,0.0,0.0,0.0,1.0,1.0
Case_7_1_The_Unseen_Connections,PCBT,EXPLICIT,Task_040,1.0,2.0,1.0,1.0,1.0,1.0,1.0,0.0,0.0,0.0,0.0,0.0,0.0,1.0,0.0,0.0,0.0,0.0,0.0,0.0,1.0
Case_7_1_The_Unseen_Connections,PCBT,EXPLICIT,Task_041,1.0,0.0,0.0,0.0,1.0,1.0,1.0,0.0,0.0,2.0,0.0,0.0,0.0,0.0,0.0,0.0,0.0,0.0,0.0,1.0,1.0
Case_7_1_The_Unseen_Connections,PCBT,EXPLICIT,Task_042,1.0,1.0,1.0,1.0,1.0,1.0,1.0,0.0,0.0,0.0,1.0,1.0,1.0,0.0,0.0,0.0,0.0,0.0,0.0,1.0,1.0
Case_7_1_The_Unseen_Connections,PCBT,EXPLICIT,Task_043,0.0,0.0,0.0,0.0,0.0,0.0,0.0,0.0,0.0,0.0,0.0,0.0,0.0,0.0,0.0,0.0,0.0,0.0,0.0,1.0,1.0
Case_7_1_The_Unseen_Connections,PCBT,EXPLICIT,Task_044,1.0,0.0,1.0,1.0,1.0,0.0,1.0,0.0,0.0,1.0,0.0,0.0,0.0,0.0,0.0,0.0,0.0,0.0,0.0,1.0,1.0
Case_7_1_The_Unseen_Connections,PCBT,EXPLICIT,Task_045,0.0,0.0,0.0,0.0,0.0,0.0,0.0,1.0,0.0,0.0,0.0,0.0,0.0,0.0,0.0,0.0,0.0,0.0,0.0,1.0,1.0
Case_7_1_The_Unseen_Connections,PCBT,EXPLICIT,Task_046,0.0,0.0,0.0,0.0,0.0,0.0,2.0,0.0,0.0,0.0,0.0,0.0,0.0,0.0,0.0,0.0,0.0,0.0,0.0,0.0,1.0
Case_7_1_The_Unseen_Connections,PCBT,EXPLICIT,Task_047,1.0,0.0,0.0,0.0,0.0,0.0,0.0,0.0,0.0,1.0,0.0,0.0,0.0,0.0,0.0,0.0,1.0,0.0,0.0,0.0,1.0
Case_7_1_The_Unseen_Connections,PCBT,EXPLICIT,Task_048,2.0,2.0,1.0,1.0,1.0,1.0,1.0,0.0,0.0,1.0,0.0,0.0,2.0,0.0,0.0,0.0,0.0,0.0,0.0,1.0,1.0
Case_7_1_The_Unseen_Connections,PCBT,EXPLICIT,Task_049,0.0,0.0,0.0,0.0,0.0,0.0,1.0,0.0,0.0,0.0,1.0,0.0,0.0,0.0,0.0,0.0,0.0,0.0,0.0,1.0,1.0
Case_7_1_The_Unseen_Connections,PCBT,EXPLICIT,Task_050,1.0,1.0,1.0,1.0,2.0,2.0,1.0,0.0,0.0,2.0,0.0,0.0,0.0,0.0,0.0,0.0,0.0,0.0,0.0,0.0,1.0
Case_7_1_The_Unseen_Connections,PCBT,EXPLICIT,Task_051,0.0,0.0,0.0,0.0,0.0,0.0,0.0,0.0,0.0,0.0,0.0,0.0,0.0,0.0,0.0,0.0,0.0,0.0,0.0,1.0,1.0
Case_7_1_The_Unseen_Connections,PCBT,EXPLICIT,Task_052,2.0,2.0,1.0,1.0,0.0,1.0,1.0,0.0,0.0,1.0,0.0,0.0,0.0,0.0,0.0,0.0,0.0,0.0,0.0,1.0,1.0
Case_7_1_The_Unseen_Connections,PCBT,EXPLICIT,Task_053,1.0,1.0,2.0,1.0,1.0,1.0,1.0,0.0,0.0,1.0,1.0,0.0,0.0,0.0,0.0,0.0,0.0,0.0,0.0,1.0,1.0
Case_7_1_The_Unseen_Connections,PCBT,EXPLICIT,Task_054,1.0,2.0,1.0,1.0,1.0,1.0,1.0,0.0,0.0,2.0,0.0,1.0,0.0,0.0,0.0,0.0,0.0,0.0,0.0,0.0,1.0
Case_7_1_The_Unseen_Connections,PCBT,EXPLICIT,Task_055,0.0,0.0,0.0,0.0,0.0,0.0,0.0,0.0,0.0,0.0,0.0,0.0,0.0,0.0,0.0,0.0,1.0,0.0,0.0,0.0,1.0
Case_7_1_The_Unseen_Connections,PCBT,EXPLICIT,Task_056,1.0,0.0,1.0,1.0,0.0,2.0,1.0,0.0,0.0,1.0,0.0,1.0,1.0,0.0,0.0,0.0,0.0,0.0,0.0,1.0,1.0
Case_7_1_The_Unseen_Connections,PCBT,EXPLICIT,Task_057,0.0,0.0,0.0,0.0,0.0,0.0,0.0,0.0,0.0,0.0,0.0,0.0,0.0,0.0,0.0,0.0,0.0,0.0,0.0,1.0,1.0
Case_7_1_The_Unseen_Connections,PCBT,EXPLICIT,Task_058,0.0,0.0,0.0,0.0,1.0,0.0,0.0,0.0,0.0,0.0,0.0,0.0,0.0,0.0,0.0,0.0,0.0,0.0,0.0,1.0,1.0
Case_7_1_The_Unseen_Connections,PCBT,EXPLICIT,Task_059,1.0,1.0,1.0,1.0,0.0,2.0,1.0,0.0,0.0,2.0,0.0,0.0,0.0,0.0,0.0,0.0,0.0,0.0,0.0,1.0,1.0
Case_7_1_The_Unseen_Connections,PCBT,EXPLICIT,Task_060,1.0,1.0,1.0,1.0,1.0,1.0,1.0,0.0,0.0,0.0,1.0,2.0,0.0,0.0,0.0,0.0,0.0,0.0,0.0,1.0,1.0
Case_7_2_The_Unseen_Connections,CONTROL,IMPLICIT,Task_061,2.0,2.0,2.0,2.0,1.0,2.0,1.0,1.0,1.0,2.0,0.0,2.0,0.0,2.0,2.0,0.0,0.0,0.0,0.0,0.0,0.0
Case_7_2_The_Unseen_Connections,CONTROL,IMPLICIT,Task_062,2.0,2.0,2.0,2.0,1.0,1.0,1.0,1.0,1.0,2.0,0.0,2.0,2.0,0.0,2.0,0.0,0.0,0.0,0.0,0.0,0.0
Case_7_2_The_Unseen_Connections,CONTROL,IMPLICIT,Task_063,1.0,2.0,2.0,2.0,1.0,1.0,2.0,1.0,2.0,2.0,2.0,1.0,1.0,2.0,0.0,0.0,0.0,0.0,0.0,0.0,0.0
Case_7_2_The_Unseen_Connections,CONTROL,IMPLICIT,Task_064,1.0,2.0,2.0,2.0,2.0,2.0,2.0,1.0,1.0,1.0,2.0,2.0,2.0,2.0,2.0,0.0,0.0,0.0,0.0,0.0,0.0
Case_7_2_The_Unseen_Connections,CONTROL,IMPLICIT,Task_065,2.0,2.0,2.0,2.0,1.0,1.0,1.0,1.0,2.0,2.0,2.0,2.0,0.0,2.0,2.0,0.0,0.0,0.0,0.0,0.0,0.0
Case_7_2_The_Unseen_Connections,CONTROL,IMPLICIT,Task_066,2.0,2.0,2.0,1.0,1.0,1.0,2.0,2.0,2.0,2.0,1.0,2.0,2.0,2.0,2.0,0.0,0.0,0.0,0.0,0.0,0.0
Case_7_2_The_Unseen_Connections,CONTROL,IMPLICIT,Task_067,1.0,2.0,2.0,1.0,2.0,2.0,2.0,2.0,1.0,1.0,2.0,1.0,0.0,2.0,2.0,0.0,0.0,0.0,0.0,0.0,0.0
Case_7_2_The_Unseen_Connections,CONTROL,IMPLICIT,Task_068,2.0,2.0,2.0,1.0,1.0,2.0,2.0,1.0,1.0,1.0,0.0,2.0,2.0,2.0,1.0,0.0,0.0,0.0,0.0,0.0,0.0
Case_7_2_The_Unseen_Connections,CONTROL,IMPLICIT,Task_069,2.0,2.0,2.0,2.0,1.0,2.0,1.0,2.0,2.0,1.0,2.0,2.0,2.0,2.0,2.0,0.0,0.0,0.0,0.0,0.0,0.0
Case_7_2_The_Unseen_Connections,CONTROL,IMPLICIT,Task_070,2.0,2.0,2.0,1.0,1.0,2.0,1.0,1.0,2.0,2.0,2.0,2.0,2.0,0.0,2.0,0.0,0.0,0.0,0.0,0.0,0.0
Case_7_2_The_Unseen_Connections,CONTROL,IMPLICIT,Task_071,1.0,2.0,2.0,2.0,1.0,1.0,2.0,1.0,1.0,1.0,2.0,2.0,2.0,2.0,2.0,0.0,0.0,0.0,0.0,0.0,0.0
Case_7_2_The_Unseen_Connections,CONTROL,IMPLICIT,Task_072,2.0,2.0,2.0,2.0,1.0,1.0,2.0,1.0,2.0,2.0,2.0,2.0,2.0,2.0,2.0,0.0,0.0,0.0,0.0,0.0,0.0
Case_7_2_The_Unseen_Connections,CONTROL,IMPLICIT,Task_073,1.0,2.0,2.0,1.0,2.0,2.0,2.0,1.0,1.0,2.0,2.0,2.0,0.0,2.0,0.0,0.0,0.0,0.0,0.0,0.0,0.0
Case_7_2_The_Unseen_Connections,CONTROL,IMPLICIT,Task_074,2.0,2.0,2.0,2.0,2.0,1.0,1.0,1.0,1.0,2.0,2.0,1.0,2.0,0.0,1.0,0.0,0.0,0.0,0.0,0.0,0.0
Case_7_2_The_Unseen_Connections,CONTROL,IMPLICIT,Task_075,2.0,2.0,2.0,1.0,1.0,1.0,1.0,1.0,2.0,2.0,0.0,2.0,2.0,2.0,2.0,0.0,0.0,0.0,0.0,0.0,0.0
Case_7_2_The_Unseen_Connections,CONTROL,IMPLICIT,Task_076,2.0,2.0,2.0,2.0,1.0,2.0,1.0,1.0,2.0,2.0,2.0,2.0,2.0,0.0,2.0,0.0,0.0,0.0,0.0,0.0,0.0
Case_7_2_The_Unseen_Connections,CONTROL,IMPLICIT,Task_077,2.0,2.0,2.0,2.0,1.0,2.0,2.0,1.0,1.0,1.0,2.0,2.0,1.0,2.0,2.0,0.0,0.0,0.0,0.0,0.0,0.0
Case_7_2_The_Unseen_Connections,CONTROL,IMPLICIT,Task_078,2.0,2.0,2.0,1.0,1.0,1.0,1.0,1.0,1.0,1.0,1.0,2.0,2.0,2.0,2.0,0.0,0.0,0.0,0.0,0.0,0.0
Case_7_2_The_Unseen_Connections,CONTROL,IMPLICIT,Task_079,1.0,2.0,2.0,1.0,1.0,1.0,1.0,1.0,1.0,1.0,2.0,2.0,2.0,2.0,2.0,0.0,0.0,0.0,0.0,0.0,0.0
Case_7_2_The_Unseen_Connections,CONTROL,IMPLICIT,Task_080,2.0,2.0,2.0,2.0,1.0,2.0,2.0,2.0,1.0,2.0,2.0,2.0,2.0,2.0,2.0,0.0,0.0,0.0,0.0,0.0,0.0
Case_7_2_The_Unseen_Connections,CONTROL,IMPLICIT,Task_081,2.0,2.0,2.0,2.0,1.0,1.0,2.0,2.0,2.0,2.0,2.0,2.0,2.0,2.0,2.0,0.0,0.0,0.0,0.0,0.0,0.0
Case_7_2_The_Unseen_Connections,CONTROL,IMPLICIT,Task_082,2.0,2.0,2.0,2.0,1.0,1.0,2.0,2.0,2.0,1.0,2.0,2.0,2.0,2.0,2.0,0.0,0.0,0.0,0.0,0.0,0.0
Case_7_2_The_Unseen_Connections,CONTROL,IMPLICIT,Task_083,1.0,2.0,2.0,1.0,1.0,1.0,2.0,2.0,2.0,2.0,2.0,2.0,2.0,1.0,0.0,0.0,0.0,0.0,0.0,0.0,0.0
Case_7_2_The_Unseen_Connections,CONTROL,IMPLICIT,Task_084,2.0,2.0,2.0,2.0,1.0,1.0,2.0,1.0,1.0,2.0,2.0,0.0,2.0,2.0,2.0,0.0,0.0,0.0,0.0,0.0,0.0
Case_7_2_The_Unseen_Connections,CONTROL,IMPLICIT,Task_085,1.0,2.0,2.0,2.0,1.0,1.0,2.0,1.0,1.0,2.0,0.0,2.0,2.0,2.0,2.0,0.0,0.0,0.0,0.0,0.0,0.0
Case_7_2_The_Unseen_Connections,CONTROL,IMPLICIT,Task_086,2.0,2.0,2.0,2.0,1.0,2.0,1.0,2.0,2.0,2.0,2.0,1.0,2.0,2.0,2.0,0.0,0.0,0.0,0.0,0.0,0.0
Case_7_2_The_Unseen_Connections,CONTROL,IMPLICIT,Task_087,1.0,2.0,2.0,2.0,1.0,1.0,1.0,1.0,2.0,2.0,2.0,2.0,2.0,0.0,0.0,0.0,0.0,0.0,0.0,0.0,0.0
Case_7_2_The_Unseen_Connections,CONTROL,IMPLICIT,Task_088,1.0,2.0,2.0,1.0,1.0,2.0,1.0,1.0,0.0,2.0,1.0,2.0,2.0,2.0,2.0,0.0,0.0,0.0,0.0,0.0,0.0
Case_7_2_The_Unseen_Connections,CONTROL,IMPLICIT,Task_089,1.0,2.0,2.0,1.0,1.0,2.0,2.0,1.0,1.0,2.0,0.0,0.0,2.0,2.0,2.0,0.0,0.0,0.0,0.0,0.0,0.0
Case_7_2_The_Unseen_Connections,CONTROL,IMPLICIT,Task_090,1.0,2.0,2.0,2.0,1.0,1.0,2.0,1.0,1.0,0.0,2.0,2.0,2.0,2.0,2.0,0.0,0.0,0.0,0.0,0.0,0.0
Case_7_2_The_Unseen_Connections,PCBT,IMPLICIT,Task_092,1.0,1.0,1.0,1.0,1.0,2.0,1.0,1.0,1.0,1.0,2.0,2.0,2.0,2.0,0.0,0.0,0.0,0.0,0.0,0.0,0.0
Case_7_2_The_Unseen_Connections,PCBT,IMPLICIT,Task_093,1.0,1.0,1.0,2.0,1.0,1.0,1.0,1.0,0.0,1.0,1.0,1.0,1.0,2.0,0.0,0.0,0.0,0.0,0.0,0.0,0.0
Case_7_2_The_Unseen_Connections,PCBT,IMPLICIT,Task_094,1.0,1.0,1.0,1.0,1.0,1.0,2.0,1.0,1.0,0.0,0.0,1.0,0.0,2.0,1.0,0.0,0.0,0.0,0.0,0.0,0.0
Case_7_2_The_Unseen_Connections,PCBT,IMPLICIT,Task_095,1.0,1.0,1.0,1.0,2.0,1.0,1.0,1.0,1.0,0.0,1.0,1.0,1.0,1.0,1.0,0.0,0.0,0.0,0.0,0.0,0.0
Case_7_2_The_Unseen_Connections,PCBT,IMPLICIT,Task_096,1.0,1.0,1.0,1.0,1.0,1.0,1.0,1.0,1.0,1.0,2.0,2.0,1.0,1.0,1.0,0.0,0.0,0.0,0.0,0.0,0.0
Case_7_2_The_Unseen_Connections,PCBT,IMPLICIT,Task_097,1.0,0.0,0.0,0.0,1.0,0.0,1.0,1.0,0.0,0.0,0.0,2.0,1.0,1.0,0.0,0.0,0.0,0.0,0.0,0.0,1.0
Case_7_2_The_Unseen_Connections,PCBT,IMPLICIT,Task_098,1.0,0.0,1.0,1.0,1.0,1.0,1.0,2.0,1.0,1.0,2.0,1.0,1.0,2.0,1.0,0.0,0.0,0.0,0.0,0.0,0.0
Case_7_2_The_Unseen_Connections,PCBT,IMPLICIT,Task_099,1.0,2.0,1.0,2.0,1.0,1.0,1.0,1.0,1.0,1.0,1.0,1.0,1.0,1.0,1.0,0.0,0.0,0.0,0.0,0.0,0.0
Case_7_2_The_Unseen_Connections,PCBT,IMPLICIT,Task_100,1.0,1.0,1.0,1.0,1.0,2.0,1.0,1.0,1.0,1.0,1.0,2.0,0.0,1.0,1.0,0.0,0.0,0.0,0.0,0.0,0.0
Case_7_2_The_Unseen_Connections,PCBT,IMPLICIT,Task_101,1.0,2.0,2.0,1.0,1.0,1.0,1.0,1.0,1.0,1.0,1.0,2.0,1.0,1.0,1.0,0.0,0.0,0.0,0.0,0.0,0.0
Case_7_2_The_Unseen_Connections,PCBT,IMPLICIT,Task_102,1.0,0.0,1.0,1.0,1.0,1.0,1.0,1.0,1.0,0.0,1.0,1.0,0.0,0.0,1.0,0.0,0.0,0.0,0.0,0.0,0.0
Case_7_2_The_Unseen_Connections,PCBT,IMPLICIT,Task_103,2.0,1.0,1.0,1.0,1.0,1.0,1.0,1.0,1.0,1.0,1.0,1.0,1.0,1.0,1.0,0.0,0.0,0.0,0.0,0.0,0.0
Case_7_2_The_Unseen_Connections,PCBT,IMPLICIT,Task_104,1.0,0.0,0.0,1.0,1.0,1.0,1.0,1.0,1.0,1.0,0.0,2.0,1.0,1.0,2.0,0.0,0.0,0.0,0.0,0.0,0.0
Case_7_2_The_Unseen_Connections,PCBT,IMPLICIT,Task_105,1.0,0.0,0.0,1.0,1.0,1.0,1.0,1.0,1.0,1.0,1.0,1.0,1.0,1.0,1.0,0.0,0.0,0.0,0.0,0.0,0.0
Case_7_2_The_Unseen_Connections,PCBT,IMPLICIT,Task_106,1.0,2.0,1.0,1.0,1.0,1.0,1.0,1.0,1.0,1.0,1.0,2.0,1.0,1.0,0.0,0.0,0.0,0.0,0.0,0.0,0.0
Case_7_2_The_Unseen_Connections,PCBT,IMPLICIT,Task_107,1.0,1.0,1.0,1.0,1.0,1.0,1.0,1.0,1.0,0.0,1.0,2.0,0.0,1.0,1.0,0.0,0.0,0.0,0.0,0.0,0.0
Case_7_2_The_Unseen_Connections,PCBT,IMPLICIT,Task_108,1.0,0.0,2.0,1.0,1.0,1.0,1.0,1.0,1.0,1.0,2.0,1.0,1.0,1.0,1.0,0.0,0.0,0.0,0.0,0.0,0.0
Case_7_2_The_Unseen_Connections,PCBT,IMPLICIT,Task_109,1.0,0.0,0.0,2.0,1.0,1.0,1.0,1.0,1.0,0.0,0.0,1.0,0.0,0.0,0.0,0.0,0.0,0.0,0.0,0.0,0.0
Case_7_2_The_Unseen_Connections,PCBT,IMPLICIT,Task_110,1.0,0.0,0.0,0.0,1.0,1.0,1.0,1.0,1.0,1.0,0.0,0.0,1.0,1.0,1.0,0.0,0.0,0.0,0.0,0.0,0.0
Case_7_2_The_Unseen_Connections,PCBT,IMPLICIT,Task_111,1.0,1.0,2.0,1.0,1.0,1.0,2.0,1.0,2.0,1.0,1.0,1.0,1.0,1.0,1.0,0.0,0.0,0.0,0.0,0.0,0.0
Case_7_2_The_Unseen_Connections,PCBT,IMPLICIT,Task_112,1.0,0.0,1.0,0.0,1.0,1.0,1.0,1.0,1.0,1.0,1.0,1.0,0.0,1.0,1.0,0.0,0.0,0.0,0.0,0.0,0.0
Case_7_2_The_Unseen_Connections,PCBT,IMPLICIT,Task_113,0.0,1.0,0.0,1.0,1.0,2.0,1.0,1.0,1.0,2.0,2.0,2.0,2.0,2.0,1.0,0.0,0.0,0.0,0.0,0.0,0.0
Case_7_2_The_Unseen_Connections,PCBT,IMPLICIT,Task_114,1.0,0.0,2.0,1.0,0.0,0.0,1.0,1.0,0.0,1.0,0.0,0.0,1.0,1.0,1.0,0.0,0.0,0.0,0.0,0.0,0.0
Case_7_2_The_Unseen_Connections,PCBT,IMPLICIT,Task_115,2.0,1.0,1.0,1.0,1.0,1.0,1.0,1.0,1.0,1.0,1.0,1.0,1.0,1.0,1.0,0.0,0.0,0.0,0.0,0.0,0.0
Case_7_2_The_Unseen_Connections,PCBT,IMPLICIT,Task_116,0.0,0.0,1.0,2.0,1.0,1.0,1.0,1.0,1.0,1.0,1.0,0.0,1.0,0.0,0.0,0.0,0.0,0.0,0.0,0.0,0.0
Case_7_2_The_Unseen_Connections,PCBT,IMPLICIT,Task_117,1.0,1.0,1.0,2.0,1.0,2.0,1.0,1.0,1.0,0.0,0.0,1.0,0.0,1.0,2.0,0.0,0.0,0.0,0.0,0.0,0.0
Case_7_2_The_Unseen_Connections,PCBT,IMPLICIT,Task_118,2.0,1.0,1.0,1.0,1.0,1.0,1.0,1.0,0.0,2.0,2.0,1.0,1.0,1.0,0.0,0.0,0.0,0.0,0.0,0.0,0.0
Case_7_2_The_Unseen_Connections,PCBT,IMPLICIT,Task_119,0.0,1.0,1.0,2.0,1.0,1.0,1.0,2.0,1.0,1.0,1.0,2.0,1.0,2.0,1.0,0.0,0.0,0.0,0.0,0.0,0.0
Case_7_2_The_Unseen_Connections,PCBT,IMPLICIT,Task_120,1.0,1.0,1.0,1.0,1.0,1.0,1.0,1.0,0.0,1.0,1.0,1.0,1.0,0.0,0.0,0.0,0.0,0.0,0.0,0.0,1.0
